payload,корисне навантаженн€,0
evidence,докази,0
gracefully,витончено,0
invented,винайден≥,0
despite,незважаючи на це,0
stay tuned,стежте за оновленн€ми,0
interconnectivity,взаЇмозв'€зок,0
disparate,розр≥знен≥,0
facilitate,полегшити,0
mutually exclusive,взаЇмовиключний,0
expiration,зак≥нченн€,0
quality assurance,гарант≥€ €кост≥,0
uniquely,однозначно,0
interchangeably,взаЇмозам≥нн≥,0
swatches,зразки,0
vague,розпливчасто,0
blame,звинувачувати,0
relevant,в≥дпов≥дн≥,0
scalability,масштабован≥сть,0
itch,сверб≥нн€,0
mortar,розчин,0
timber,деревина,0
consider this,розгл€нути це,0
desperate,в≥дчайдушний,0
feather,перо,0
proof,доказ,0
craving,т€га,0
arrogance,зарозум≥л≥сть,0
очн≥ крапл≥,eye drops,0
apparel,од€г,0
skrill wallet,скарбниц€,0
consignment,вантаж,0
jargon,жаргон,0
loan,кредит,0
chest,грудей,0
peculiar,своЇр≥дний,0
suitable,п≥дходить,0
tough,жорсткий,0
to excel,перевершити,0
vacuuming,пилососити,0
laundry,пранн€,0