Кабель HAVIT HV-H67, black, Micro USB;1,030
Кабель HAVIT HV-H67, black, Micro USB 1.8m (100шт/ящ);1,250
Колонка JBL BOOM BASS MINI;7,300
Колонка JBL BOOMBOX MINI (889);8,300
Флешка USB Apacer AH111 32GB blue;3,650
Флешка USB Apacer AH111 8GB blue;3,250
Флешка USB Apacer AH116 8GB Black;3,300
Флешка USB Apacer AH321 8GB ;2,770
Флешка USB Apacer AH333 8GB black;2,770
Флешка USB RIDATA BRIGHT 8GB Metal SD10;3,900
Батарейка PANASONIC LR03 Alkaline Power Spiderman 1x4 шт.;0,200
Батарейка PANASONIC LR06 Alkaline Power Spiderman 1x4 шт.;0,200
Карта памяті KINGSTON microSDXC (UHS-1) Canvas Select 64Gb class 10 (R-80MB/s) (adapter SD);8,650
Карта памяті KINGSTON microSDXC (UHS-1) Canvas Select 64Gb class 10 (R-80MB/s) (no adapter SD);8,500
Адаптер WiFi TP-Link TL-WN725N 802.11n, 2.4 ГГц, N150, USB 2.0, nano;6,200
Тюнер Т2 ASPOR 603;9,300
Тюнер Т2 PANTASAT  HD-3820 HD+internet;9,300
Зарядний пристрій для мобільного телефону SERTEC 2USB вилка (2100+2000 Mah);1,900
Гирлянда 180 led white сетка (1,8х1,8) (проз сил пр) (180NET-W);4,500
Гірлянда 100 led Optikal RG/RB color led 2-x кольоров (чор пров);3,200
Гірлянда 180 led blue шторы (1,8х1,7);6,000
Гірлянда 200 led color (прозорий силіконовий провід) 200M-1;2,000
Гірлянда 300 led Optikal RG/RB color led 2-x кольоров (чор пров) ;8,000
Гірлянда 480 led warm white водоспад (3,5х2,00) проз силік пров 480WW;14,000
Гірлянда зовнішня 100 led warm white (чорн пр) (2,5 Line 100-WW);4,200
Гірлянда зовнішня 100 led warm white (чорн пр) (3,3 Line 100-WW);4,200
Гірлянда сосулька 3528 LED STICK 50см 8шт warm white з прод;8,000
Диско лампа LH01;5,000
лазерний проектор ST7006/W665, 12LED ялинки, сніжинки;6,500
Батарейка GP CR1620-U5 літієві;0,560
Батарейка TOSHIBA ALKALINE LR6 коробка 1x2 шт.;0,142
Батарейка VARTA 4703 (LR03) Maxi-Tech (LongLife MAX Power) 1x4;0,347
Батарейка Videx CR1620 5pcs BLISTER CARD;0,127
Батарейка Videx А23/Е23А 5pcs BLISTER CARD;0,270
Кабель GRIFFIN iphone 5;0,650
Кабель Perfeo U4202, USB (розетка)-microUSB(вилка),0,2м OTG;0,550
Батарейка DURACELL LR03 MN2400 1x12 шт. в ряд;0,280
Батарейка KODAK EXTRA HEAVY DUTY R 6 коробка 1x4 шт.;0,063
Батарейка KODAK EXTRA HEAVY DUTY R3 коробка 1x4 шт.;0,058
Лампа TITANUM LED C37 5W E14 4100K 220V (TL-C37-05144);0,700
Лампа TITANUM LED G45 5W E14 4100K 220V (TL-G45-05144);0,700
Лампа VIDEX LED T8b  9W 0.6M 6200K 220V, матовая (VL-T8b-09066);1,620
Батарейка DURACELL LR03 MN2400 1x12 шт. в ряд;0,280
Батарейка DURACELL LR06 MN1500 1х12 шт. в ряд;0,280
Батарейка DURACELL LR06 MN1500 KPD 04*20 Turbo 1x4 шт.;0,450
Батарейка GP 15C-S4 powerplus R6;0,074
Батарейка GP AG13, LR44;0,111
Батарейка KODAK XtraLife LR03 коробка 1х4 шт.;0,137
Батарейка PANASONIC LR03 Alkaline Power Spiderman 1x4 шт.;0,200
Батарейка PANASONIC LR06 Alkaline Power Spiderman 1x4 шт.;0,200
Батарейка Perfeo LR20 D 1,5V, Super alkaline, blister/2;0,510
Батарейка SONY R 20 коробка 1x2 шт.;0,280
Батарейка TMI AG 13 / 10 BL;0,027
Батарейка TMI AG 3 / 10 BL;0,022
Батарейка TMI AG 4 / 10 BL;0,027
Батарейка TOSHIBA ALKALINE LR6 коробка 1x2 шт.;0,142
Батарейка VARTA 2003 (R3) SUPERLIFE BL 1*4;0,115
Батарейка VARTA 4103 (LR03) Energy 1х4;0,240
Батарейка VARTA 4103 (LR03) EXTRA LongLife 1х4 шт.;0,220
Батарейка VARTA 4703 (LR03) Maxi-Tech (LongLife MAX Power) 1x4;0,347
Батарейка VARTA 4706 (LR06) Max-Tech (LongLife MAX Power) 1x4;0,347
Батарейка VARTA 4903 (LR03) Long Life Power 1X4;0,290
Батарейка VARTA 4906 (LR06) Long Life Power 1X4;0,270
Батарейка YOKOHAMA LR 3 ENERGY MAX Блістер 1x2 шт.;0,198
Батарейка YOKOHAMA LR 3 Блістер 1x4 шт.;0,140
Батарейка YOKOHAMA LR 6 ENERGY MAX Блістер 1x2 шт.;0,198
Батарейка YOKOHAMA LR 6 Блістер 1x4 шт.;0,145
Зарядний пристрій для аккумуляторів Videx VCH-L200;4,500
Зарядний пристрій для аккумуляторів Videx VCH-N201;2,200
Зарядний пристрій для аккумуляторів Videx VCH-N400;4,950
Зарядний пристрій для аккумуляторів Videx VCH-ND400;9,300
Зарядний пристрій для аккумуляторів Videx VCH-U202 Li-ion,Ni-Mh/Cd,PowerBank;9,600
Карта памяти A-DATA microSDHC (UHS-1) Premier 32Gb Class 10 (R-50Mb/s) (adapter SD);3,850
Карта памяті SILICON POWER microSDHC 32GB class 10 no ad;3,800
Карта памяті TEAM microSDHC 16GB Class 10 + SD adapter;2,600
Карта памяті TEAM microSDHC 32GB Class 10 + SD adapter;3,500
Карта памяті TEAM microSDHC 32GB Class 10 no  adapter;3,400
Кабель Perfeo H1002 HDMI A- HDMI A,1,5м, ver. 1.4;1,450
Кабель питания для радио (толстый провод);0,430
Флешка USB Apacer AH321 8GB ;2,770
Флешка USB DATO DS7016 32Gb silver;3,200
Флешка USB RIDATA SWORD 16GB Black PD15;2,700
Батарейка Videx R14P/C 2pcs SHRINK;0,158
Батарейка KODAK EXTRA HEAVY DUTY R 6 коробка 1x4 шт.;0,063
Батарейка KODAK EXTRA HEAVY DUTY R3 коробка 1x4 шт.;0,058
Батарейка DURACELL LR06 MN1500 1х12 шт. в ряд;0,280
Батарейка DURACELL LR20 /MN1300 KPN 02*10 ;1,050
Батарейка DURACELL Zinc Air DA 675 (6 bl);0,300
Батарейка GP LR6 SUPER Alkaline (40);0,182
Батарейка VARTA 4703 (LR03) Maxi-Tech (LongLife MAX Power) 1x4;0,347
Батарейка VARTA CR 2032 LITHIUM ;0,460
Батарейка Videx R6P/AA 4pcs SHRINK;0,064
Батарейка Videx ZA13 (PR48) BLISTER6 (60/600/3000);0,240
Зарядний пристрій для мобільних телефонів СЗУ АА Samsung D880 AWM;0,550
Мишка HAVIT HV-MS691 Gaming USB, black;3,000
Мишка HAVIT HV-MS736 GAMING USB, black;2,650
Коврик для мишки HAVIT HV-MP837, black;0,900
Батарейка DURACELL Zinc Air DA 13 (6 bl);0,310
Клей GLOBUS Гель 2г;0,127
Клей Енергія С-030-1 3 гр на мульт.карті;0,147
Мишка DEFENDER Optimum MB-150 PS/2 B (серебро);1,950
Мишка HAVIT HV-MS753 USB, black/gray;1,450
Мишка HAVIT HV-MS753 USB, black/yellow;1,450
Батарейка Duracell 2016 1x10;0,650
Батарейка DURACELL LR03 MN2400 1x12 шт. відривна;0,280
Батарейка DURACELL LR06 MN1500 1х12 шт. в ряд;0,280
Батарейка GP AG4, LR626;0,085
Батарейка GP CR2016-U5 ;0,259
Батарейка GP CR2032-U5 ;0,261
Батарейка GP LR3 SUPER Alkaline (40);0,179
Батарейка GP LR6 SUPER Alkaline (40);0,182
Батарейка KODAK EXTRA HEAVY DUTY R 6 коробка 1x4 шт.;0,063
Батарейка MAXELL SR-626 SW 377 (AG4) серебро JAPAN;0,280
Батарейка PANASONIC R 14 коробка 1х2шт;0,190
Батарейка PANASONIC R 20 коробка 1х2шт;0,300
Батарейка SODA AG 10 / 10 BL;0,023
Батарейка Videx CR2032 5pcs BLISTER CARD;0,127
Батарейка Videx LR14/C 2pcs BLISTER CARD;0,570
Батарейка Videx LR6/AA 2pcs SHRINK CARD;0,125
Батарейка VARTA CR 2032 LITHIUM ;0,460
Флешка USB Apacer AH111 16GB blue;3,250
Флешка USB Apacer AH112 16GB Red;3,250
Флешка USB Apacer AH112 8GB Red;3,250
Флешка USB Apacer AH116 8GB Black;3,250
Флешка USB Apacer AH321 16GB ;2,700
Флешка USB Apacer AH321 8GB ;2,770
Флешка USB Apacer AH322 16GB Black;2,700
Флешка USB Apacer AH322 8GB Black;2,700
Флешка USB Apacer AH325 16GB Black;2,700
Флешка USB Apacer AH326 8Gb Black;2,700
Флешка USB TEAM C171 4Gb Black;2,700
Флешка USB TEAM E902 4Gb Purple;2,700
Аккумулятор PANASONIC ENELOOP R6 ''АА'' (2450mAh)x4шт;3,400
Батарейка GP 6LF22 (крона) Ultra Plus блістер;1,150
Батарейка GP 6LF22 (крона) Ultra коробка;1,000
Батарейка GP 6LF22 SUPER (крона) коробка;1,000
Батарейка GP 6LF22 SUPER ALKALINE (крона) блістер;0,950
"жорсткий диск CnMemory 320Gb 2.5"" Violet USB 3.0";26,400
"жорсткий диск SILICON POWER 1TB 2.5"" Armor A30 USB 3.0";52,000
Зарядний пристрій для свинцевих акум MASTAK  01C MW 6/12V 1A Авто- 6 eтапів ;10,950
Тестер 832;2,100
Батарейка YOKOHAMA R 14 коробка 1x2 шт.;0,200
Карта памяті Platinet microSDHC 8GB Class 10+ SD adapter;4,200
Батарейка GP AG1,LR620, LR;0,085
Батарейка GP AG13, LR44;0,111
Батарейка GP AG3, LR41,392;0,085
Батарейка GP CR2016-U5 ;0,259
Батарейка GP CR2025-U5 ;0,240
Батарейка VARTA 4706 (LR06) Max-Tech (LongLife MAX Power) 1x4;0,347
Батарейка VARTA CR 2025 LITHIUM;0,460
Батарейка VARTA CR 2032 LITHIUM ;0,460
Диск VERBATIM CD-R 700Mb 52x Wrap 50 pcs 43787;0,145
Диск VERBATIM DVD+R 4,7Gb 16x DATA LIFE Tape Cake 50 pcs 43815;0,185
Колонка чемодан 9ватт B30;17,400
Лампа VIDEX LED C37e 6W E14 3000K 220V (VL-C37e-06143);1,000
Касета VERBATIM MINI DVC 2PK BLISTER 60MIN 47653;1,400
Батарейка DURACELL LR03 MN2400 KPD 04*10 Turbo 1x4 шт.;0,450
Батарейка DURACELL LR06 MN1500 KPD 04*20 Turbo 1x4 шт.;0,450
Батарейка DURACELL LR14/ MN1400 KPN 02*10 ;1,050
Батарейка DURACELL LR20 /MN1300 KPN 02*10 ;1,050
Батарейка VARTA 4722 (6LR61) Max-Tech ;1,370
Батарейка VARTA 4922 HIGH Energy 6LR61;1,260
Батарейка VARTA V 23 GA BLI 2 ALKALINE;0,580
Батарейка VARTA V 27 ALKALINE;0,900
Батарейка VARTA V 364 WATCH;0,280
Зарядний пристрій для мобільного телефону REDDAXRDX-013 USB вилка +кабель IPHONE 5 (2100Mah);2,650
Зарядний пристрій для мобільного телефону REDDAXRDX-015 USB вилка +кабель MICRO USB (2100Mah);1,900
Зарядний пристрій для мобільного телефону REDDAXRDX-20 USB вилка +кабель MICRO USB (2400Mah);2,500
Зарядний пристрій для мобільного телефону REDDAXRDX-21 2USB вилка +кабель IPHONE 5 (2400Mah) WHITE;2,800
Мережевий фільтр Maxxter SPM5-G-10B 3,0м;2,500
Мережевий фільтр Maxxter SPM5-G-6B 1,8м;2,150
Навушники SERTEC ST-201 BLACK;1,000
Навушники SERTEC ST-205 BLACK;1,000
Батарея POWER BANK 20800 ma MI;5,800
Батарейка VARTA 4903 (LR03) Long Life Power 1X4;0,290
Батарейка VARTA 4906 (LR06) Long Life Power 1X4;0,270
Фотопапір PrintPro глянц. 180г/м, 10x15 PG180-500;10,000
Батарейка GP 6F22 powercell  ;0,310
Кабель Perfeo U4001, USB (вилка) - micro USB (вилка), 1 м;0,620
Карта памятi Apacer micro SDHC 16Gb UHS-I Class 10 no ad;2,650
Карта памятi Apacer micro SDHC 32Gb UHS-I Class 10 no ad;3,700
Карта памяті Kingston microSDHC 8GB Class 4 no adapter;2,650
Флешка USB A-DATA 32GB C906 Black;3,600
Флешка USB Apacer AH111 32GB blue;3,650
Флешка USB Apacer AH111 8GB blue;3,250
Флешка USB Apacer AH112 8GB Red;3,250
Флешка USB Apacer AH322 16GB Black;2,700
Флешка USB Apacer AH333 8GB black;2,700
Флешка USB Kingston USB3.0 DT100G3 16GB;3,110
Флешка USB Kingston USB3.0 DT100G3 32GB;4,150
Флешка USB RIDATA BRIGHT 16GB Metal SD10;4,250
Флешка USB RIDATA BRIGHT 8GB Metal SD10;3,900
Батарейка Perfeo LR20 D 1,5V, Super alkaline, blister/2;0,510
Батарейка YOKOHAMA R 20 коробка 1x2 шт.;0,250
Навушники Bluetooth headhones TM-022;10,500
Батарейка DURACELL LR03 MN2400 KPD 04*10 Turbo 1x4 шт.;0,450
Батарейка DURACELL Zinc Air DA 13 (6 bl);0,310
Мережевий фільтр Maxxter SPM5-G-10B 3,0м;2,500
Батарейка DURACELL LR03 MN2400 1x12 шт. в ряд;0,280
Батарейка DURACELL LR06 MN1500 1х12 шт. в ряд;0,280
Кабель Perfeo U4301, USB(вилка) - mini USB (вилка), 1м;0,650
Ліхтар на голову POLICE RJ-5500-T6+4XPE ЗУсеть+авто 4реж zoom;8,000
Батарейка MAXELL SR416SW-B1 (337) 1x1;0,900
Лампа VIDEX LED C37e 6W E14 3000K 220V (VL-C37e-06143);1,000
Батарейка PANASONIC LR03 Evolta 1x4 шт.;0,580
Батарейка PANASONIC LR06 Evolta 1x4 шт.;0,580
Батарейка Videx AG 12(LR43) BLISTER CARD 10 pcs;0,060
Флешка USB DATO DS7002 4Gb silver;3,400
Батарейка PANASONIC SR-44 EL, 1x1 шт 357;1,350
Лiхтар для велосипеда HJ-008-2;1,000
Модулятор SERTEC 110-B;2,300
Батарейка Videx CR1616 5pcs BLISTER CARD;0,140
Батарейка Videx CR1616 5pcs BLISTER CARD;0,140
Карта памятi Apacer micro SDHC 32Gb UHS-I Class 10 + ad;3,920
Карта памяті SILICON POWER microSDHC 32GB class 10 no ad;3,800
Батарейка DURACELL LR03 MN2400 1x12 шт. в ряд;0,280
Батарейка DURACELL LR06 MN1500 1х12 шт. в ряд;0,280
Батарейка GP 6F22 powercell  ;0,310
Батарейка GP CR2032-U5 ;0,261
Батарейка Videx LR6/AA 2pcs SHRINK CARD;0,135
Батарейка Videx R03P/AAA 4pcs SHRINK;0,056
Батарейка Videx R6P/AA 4pcs SHRINK;0,064
Батарейка YOKOHAMA R 6 коробка 1x4 шт.;0,060
Аккумулятор Videx Li-Ion 18650-P(Захист) 2200mAh color box/1pc 20/160;2,450
Аккумулятор Videx Li-Ion 18650-P(Захист) 2800mAh color box/1pc 20/160;3,200
Аккумулятор Videx Li-Ion 18650-P(Захист) 3000mAh color box/1pc 20/160;3,800
Аккумулятор Videx Li-Ion 18650-P(Захист) 3400mAh color box/1pc 20/160;4,500
Аккумулятор Videx Li-Ion 18650(без захисту) 2200mAh bulk 100/600;1,700
Аккумулятор Videx Li-Ion 18650(без захисту) 2800mAh bulk 100/600;2,400
Аккумулятор Videx Li-Ion 18650(без захисту) 3000mAh bulk 100/600;2,900
Аккумулятор Videx Li-Ion 18650(без захисту) 3400mAh bulk 100/600;3,700
Батарейка GP LR3 SUPER Alkaline (40);0,179
Батарейка GP LR6 SUPER Alkaline (40);0,182
Батарейка Videx CR123A 1pc BLISTER CARD (20/200);1,350
Батарейка Videx CR1620 5pcs BLISTER CARD;0,127
Батарейка Videx CR1632 5pcs BLISTER CARD;0,135
Батарейка Videx CR2016 5pcs BLISTER CARD;0,127
Батарейка Videx CR2025 5pcs BLISTER CARD;0,135
Батарейка Videx CR2032 5pcs BLISTER CARD;0,127
Батарейка Videx LR03/AAA 2pcs SHRINK CARD;0,125
Батарейка Videx LR6/AA 2pcs SHRINK CARD;0,125
Батарейка Videx R03P/AAA 4pcs SHRINK;0,056
Батарейка Videx R14P/C 2pcs SHRINK;0,158
Батарейка Videx R2OP/D 2pcs SHRINK;0,250
Батарейка Videx R6P/AA 4pcs SHRINK;0,064
Батарейка Videx А23/Е23А 5pcs BLISTER CARD;0,270
Батарейка Videx А27 5pcs BLISTER CARD;0,270
Зарядний пристрій для аккумуляторів Videx VCH-U100 Li-ion,Ni-Mh/Cd,PowerBank;5,400
Зарядний пристрій для аккумуляторів Videx VCH-U202 Li-ion,Ni-Mh/Cd,PowerBank;9,600
Зарядний пристрій для аккумуляторів Videx VCH-UT200;15,000
Аккумулятор PANASONIC ENELOOP R6 ''АА'' (2450mAh)x4шт;3,400
Батарейка VARTA 4703 (LR03) Maxi-Tech (LongLife MAX Power) 1x4;0,347
Гірлянда на батарейках Xmas 30 led B синя;0,900
Гірлянда на батарейках Xmas 30 led W;0,900
Гірлянда на батарейках Xmas 30 led WW;0,900
Годинник AT-605;3,900
Годинник VST-863-4;5,400
Годинник VST-869-4;4,400
Годинник VST-876-4;6,100
Лампа колонка Smart LED YY 003;8,500
Лампа колонка Smart LED YY 100;8,500
Мишка DEFENDER #1 MM-310 black;2,100
Мишка HAVIT HV-MS691 Gaming USB, black;3,000
Мишка HAVIT HV-MS736 GAMING USB, black;2,700
Мікрофон DEFENDER MIC-109 black on clothespin 1.8m;1,350
Мікрофон DEFENDER MIC-129 Кабель 5 м, черный;2,200
Мікрофон DEFENDER MIC-130 Кабель 5 м, черный;2,700
Батарейка GP CR2032-U5 ;0,261
Батарейка Perfeo R6 АА 1,5V, Dynamic zinc, Shrink/2;0,035
Батарейка GP 6F22 powercell  ;0,310
Батарейка GP LR3 SUPER Alkaline (40);0,179
Батарейка Videx 6F22/9V (Крона) 1pcs SHRINK ;0,240
Батарейка Videx R03P/AAA 4pcs SHRINK;0,056
Батарейка Videx R6P/AA 4pcs SHRINK;0,064
Батарейка GP LR3 SUPER Alkaline (40);0,179
Батарейка GP LR6 SUPER Alkaline (40);0,182
Батарейка DURACELL LR03 MN2400 1x12 шт. в ряд;0,280
Батарейка DURACELL LR06 MN1500 1х12 шт. в ряд;0,280
Батарейка GP LR3 SUPER Alkaline (40);0,179
Батарейка GP LR6 SUPER Alkaline (40);0,182
Батарейка KODAK EXTRA HEAVY DUTY R 6 коробка 1x4 шт.;0,063
Аккумулятор Videx HR03/AAA 1000MAH double blister/2pcs 20/200;0,990
Аккумулятор Videx HR6/AA 2700MAH double blister/2pcs 20/200;1,950
Батарейка GP AG13, LR44;0,111
Батарейка GP CR2032-U5 ;0,261
Батарейка VARTA CR 2032 LITHIUM ;0,460
Диск VIDEX DVD+RW 4.7 Gb 4x bulk 10;0,318
Кабель HAVIT HV-CB8510 Lighting, black (100шт/ящ);0,900
Кабель HAVIT HV-CB8601, black MicroUSB;0,800
Кабель HAVIT HV-CB8610, black, Micro USB;0,630
Кабель HAVIT HV-H610 Lighting, black (100шт/ящ);1,100
Кабель HAVIT HV-H66 IPHONE 5/6/7 Lighting, black;1,100
Кабель HAVIT HV-H67, black, Micro USB;1,030
Кабель MICRO USB тканевий;0,900
Кабель MICRO USB тканевий нейлон;1,870
Карта памятi Apacer micro SDHC 16Gb UHS-I Class 10 R85MB/s (adapter SD);2,900
Ліхтар POLICE BL-8626S XPE ЗУсеть+авто 3реж zoom;3,000
Навушники SERTEC ST-200 BLACK;1,000
Навушники SERTEC ST-200 RED;1,000
Навушники SERTEC ST-201 BLACK;1,000
Навушники SERTEC ST-201 BLUE;1,000
Навушники SERTEC ST-201 GREEN;1,000
Навушники SERTEC ST-201 WHITE;1,000
Навушники SERTEC ST-202 ROSE RED;1,000
Навушники SERTEC ST-202 WHITE;1,000
Навушники SERTEC ST-203 BLACK;1,000
Навушники SERTEC ST-203 RED;1,000
Навушники SERTEC ST-300 WHITE;1,300
Навушники SERTEC ST-301 BLACK;1,300
Навушники SERTEC ST-301 SILVER;1,300
Навушники SERTEC ST-301 WHITE;1,300
Навушники SERTEC ST-302 BLACK;1,300
Фотопапір Videx HGA4 180/50;3,770
Коробка для диска Конверт полипропилен PP 80mkr;0,020
Модулятор H11;3,000
Кабель HAVIT HV-H636 USB to micro magnetic cable (100шт/ящ);5,000
Зарядний пристрій для ноутбука універсальний+ авто 120W;8,000
Мережевий фільтр Maxxter SPM5-G-10B 3,0м;2,500
Мережевий фільтр Maxxter SPM5-G-6B 1,8м;2,150
Роутер TP-LINK TL-WR840N;14,850
Батарейка Perfeo R6 АА 1,5V, Dynamic zinc, Shrink/2;0,035
Аккумулятор Videx HR6/AA 2100MAH double blister/2pcs 20/200;1,500
Аккумулятор Videx HR6/AA 2700MAH double blister/2pcs 20/200;1,950
Батарейка DURACELL LR06 MN1500 1х12 шт. в ряд;0,280
Батарейка DURACELL LR06 MN1500 KPD 04*20 Turbo 1x4 шт.;0,450
Батарейка DURACELL LR20 /MN1300 KPN 02*10 ;1,050
Батарейка VARTA V 23 GA ALKALINE;0,640
Батарейка VARTA V 27 ALKALINE;1,140
Кабель HAVIT HV-CB531 USB TO IPHONE 5/5S/5C, green;2,200
Кабель REDAX RDX-305 MICRO USB;1,350
Флешка USB A-DATA 32GB C906 Black;3,600
Флешка USB RIDATA Jewel 16GB Black OD16;2,900
Флешка USB RIDATA TINY S 16GB Black OD6B;3,300
Аккумулятор Videx Li-Ion 14500(без защиты) 800mAh bulk10/1pc;1,750
Аккумулятор Videx Li-Ion 18650-P(Захист) 2200mAh color box/1pc 20/160;2,450
Аккумулятор Videx Li-Ion 18650-P(Захист) 3400mAh color box/1pc 20/160;4,500
Батарейка Videx 6F22/9V (Крона) 1pcs SHRINK CARD;0,250
Батарейка Videx CR123A 1pc BLISTER CARD (20/200);1,350
Батарейка Videx LR03/AAA 2pcs SHRINK CARD;0,125
Батарейка Videx LR6/AA 2pcs SHRINK CARD;0,135
Батарейка Videx R03P/AAA 4pcs SHRINK;0,056
Батарейка Videx R6P/AA 4pcs SHRINK;0,064
Зарядний пристрій для аккумуляторів Videx VCH-U202 Li-ion,Ni-Mh/Cd,PowerBank;9,600
Зарядний пристрій для мобільного телефону SERTEC USB MICRO USB STC-H2 2,1A;1,650
Модулятор FM-X6 + bluetooth;4,490
Диск Artex DVD-R 4,7 GB 16x Bulk/50 (CMC);0,147
Диск CMC CD-R 700 MB 52x Full printable Bulk/50;0,147
Диск Videx CD-RW 700 Mb 4-10x  bulk10;0,290
Зарядний пристрій для мобільних телефонів HTC СЗУ 3in1(adap+avto+cable) 1А black;1,400
Кабель HAVIT HV-CB630, green MicroUSB ;1,500
Кабель HAVIT HV-CB636 (White), MicroUSB;1,150
Карта памяті DATO microSDHC 8Gb class 10;2,450
Карта памяті TEAM microSDHC 16GB Class 10 no SD adapter;2,500
Лампа TITANUM LED A60 10W E27 4100K 220V (TL-A60-10274);0,800
Лампа VIDEX LED A60e 7W E27 3000K 220V (VL-A60e-07273);0,950
Лампа VIDEX LED G45e 3.5W E27 3000K 220V (VL-G45e-35273);0,800
Навушники DEFENDER Pulse 428 Black/Red;1,200
Навушники HAVIT HV-H2575BT, gray Bluetooth;12,500
Навушники HAVIT HV-H951BT, black/red Bluetooth;13,500
Різне обігрівач Handy Heater;8,400
Фотопапір CW глянц. 200г/м, 10x15 PG200-50 карт.уп.;1,800
Аккумулятор Videx HR6/AA 2500MAH double blister/2pcs 20/200;1,850
Батарейка GP AG3, LR41,392;0,085
Батарейка VARTA CR 2032 LITHIUM ;0,460
Батарейка Videx AG 13(LR44) BLISTER CARD 10 pcs;0,050
Батарейка Videx CR123A 1pc BLISTER CARD (20/200);1,350
Батарейка Videx LR03/AAA 2pcs SHRINK CARD;0,125
Карта памятi Apacer micro SDHC 16Gb UHS-I Class 10 no ad;2,650
Карта памятi Apacer micro SDHC 32Gb UHS-I Class 10 no ad;3,700
Карта памятi Apacer micro SDHC 8Gb class 4 + ad;2,650
Карта памяти A-DATA microSD 8GB adapter class 4;2,650
Карта памяті Kingston microSDHC 8GB Class 4 no adapter;2,650
Карта памяті KINGSTON microSDXC (UHS-1) Canvas Select 64Gb class 10 (R-80MB/s) (no adapter SD);8,500
Карта памяті SILICON POWER micro SDHC 16Gb class 10  no ad;2,940
Карта памяті TEAM microSDHC 16GB Class 10 + SD adapter;2,600
Клавіатура HAVIT HV-KB421L, wired USB Підсвітка+мультимедіа;7,300
Коврик для мишки HAVIT HV- MP866 Gaming, 900*300*3mm  (20шт/ящ);5,900
Коврик для мишки HAVIT HV-MP865 Gaming, 700*300*3mm  (20шт/ящ);4,250
Мережевий фільтр Maxxter SPM5-G-6B 1,8м;2,150
Мишка DEFENDER #1 MM-310 black;2,100
Мишка DEFENDER Optimum MS-130 USB B (черный),USB ;2,000
Мишка DEFENDER Orion 300 B (Черный), USB ;3,050
Мишка HAVIT HV-MS675 USB, blue;1,800
Мишка HAVIT HV-MS689 USB, blue;2,000
Навушники DEFENDER HN-750 ;4,350
Навушники DEFENDER HN-928 стерео;5,200
Навушники DEFENDER Warhead G-170 2,5m, black;7,550
Наклейки на клавіатуру ліміновані прозора основа чорні;0,250
Флешка USB A-DATA 32GB C906 Black;3,600
Флешка USB Apacer AH111 32GB blue;3,650
Флешка USB Apacer AH112 16GB Red;3,250
Флешка USB Apacer AH333 16GB black;2,700
Флешка USB Apacer AH333 16GB white;2,700
Флешка USB Kingston USB 3.0 DT 50 32GB metal;4,400
Флешка USB Kingston USB3.0 DT100G3 32GB;4,150
Флешка USB RIDATA Jewel 32GB Black OD16;3,400
Флешка USB RIDATA STREAMER 16GB Black OD3;3,050
Флешка USB RIDATA STREAMER 32GB Black OD3;3,630
Флешка USB RIDATA STREAMER 32GB Silver OD3;3,630
Флешка USB RIDATA TINY S 16GB Black OD6B;3,300
Батарейка GP AG1,LR620, LR;0,085
Батарейка GP AG10, LR54,389;0,085
Батарейка GP AG13, LR44;0,111
Батарейка GP AG3, LR41,392;0,085
Батарейка GP AG4, LR626;0,085
Батарейка SONY R 14 коробка 1x2 шт.;0,200
Різне ваги електронні 200г;2,650
Різне ваги електронні 500г;2,650
Різне вхідний дзвінок 8620;2,500
Різне вхідний дзвінок 9688;2,500
Аккумулятор Videx HR6/AA 2700MAH double blister/2pcs 20/200;1,950
Батарейка Energizer Alkaline Power LR03 1x16 шт.;0,280
Батарейка PANASONIC LR03 Alkaline Power Spiderman 1x4 шт.;0,200
Батарейка PANASONIC LR06 Alkaline Power Spiderman 1x4 шт.;0,200
Батарейка Perfeo LR03 Super alkaline, shrink/2;0,088
Батарейка Perfeo LR6 АА 1,5V, Super alkaline, shrink/2;0,095
Батарейка SONY R 20 коробка 1x2 шт.;0,280
Батарейка Videx 6F22/9V (Крона) 1pcs SHRINK CARD;0,250
Батарейка Videx AG 13(LR44) BLISTER CARD 10 pcs;0,050
Батарейка Videx AG 3 (LR41) BLISTER CARD 10 pcs;0,036
Батарейка Videx CR2032 1pc BLISTER CARD;0,135
Годинник KD 1826;0,850
Диск Perfeo DVD+R 4,7 GB 16x Bulk/50 (CMC);0,147
Карта памяті RIDATA microSDHC 32GB Class 10 + SD adapter;3,500
Лампа VIDEX LED A60e 9W E27 4100K 220V (VL-A60e-08274) Aкція 2шт/пак;0,990
Ліхтар брелок с лазером+детектор  ZK-117-2L (24шт/уп);0,460
Флешка USB Apacer AH116 32GB Black;3,650
Флешка USB DATO DS7006 32Gb black;3,130
Флешка USB RIDATA SWORD 16GB Black PD15;2,700
"жорсткий диск CnMemory 320Gb 2.5"" Silver USB 3.0";26,400
Клавіатура комплект бездротовий HAVIT HV-KB559GCM wireless GAMING USB black;12,200
Клавіатура комплект бездротовий HAVIT HV-KB653GCM wireless USB black ;8,700
Мережевий фільтр Maxxter SPM3-G-10G, сірий, 3 м кабель, 3 розетки;2,180
Мережевий фільтр Maxxter SPM3-G-15G, сірий, 4.5 м кабель, 3 розетки;2,500
Мережевий фільтр Maxxter SPM3-G-6G, сірий, 1.8 м кабель, 3 розетки;1,900
Мишка HAVIT HV-MS989GT Wireless USB, black;3,300
Аккумулятор для ліхтарів UltraFire 26650 7200mAh 3,7V/1sh red;1,430
Батарейка DURACELL LR03 MN2400 1x12 шт. в ряд;0,280
Батарейка DURACELL LR06 MN1500 1х12 шт. в ряд;0,280
Батарейка DURACELL LR06 MN1500 KPD 04*20 Turbo 1x4 шт.;0,450
Батарейка VARTA 4906 (LR06) Long Life Power 1X4;0,270
Батарейка VARTA CR 2032 LITHIUM ;0,460
Батарейка VARTA V 23 GA ALKALINE;0,640
Батарейка Videx AG 13(LR44) BLISTER CARD 10 pcs;0,050
Ліхтар на голову  POLICE RJ-3000-T6+2XPE 320000W ЗУсеть+авто 4реж;5,900
Ліхтар на голову POLICE BL-2177-T6 ЗУсеть+авто 3реж zoom шипы;5,170
Ліхтар на голову POLICE BL-2188B-T6 50000W+ЗУсеть+авто;5,000
Аккумулятор CAMELION 6F22/1bl 250 mAh Ni-MH;4,100
Аккумулятор TOSHIBA Ready to Use Ni-MH R03 (750mAh) 2шт.;0,840
Батарейка PANASONIC LR03 Alkaline Power Spiderman 1x4 шт.;0,200
Батарейка PANASONIC LR06 Alkaline Power Spiderman 1x4 шт.;0,200
Батарейка VARTA 2022 (6F22) shrink Superlife;0,500
Диск HP CD-R 700 MB 52x Shrink/50;0,153
Диск VERBATIM CD-R 700Mb 52x Wrap 50 pcs 43787;0,150
Європерехідник дешевий black;0,110
Зарядний пристрій для мобільного телефону REDDAXRDX-015 USB вилка (2100Mah) WHITE;1,500
Зарядний пристрій для мобільного телефону REDDAXRDX-20 USB вилка (2400Mah) WHITE;2,200
Кабель Gemix 1604 A-папа/B-папа ф/фильтр,1.8m прозрачн;1,040
Кабель HAVIT HV-H611, black, Micro USB 1.8m (100шт/ящ);1,250
Кабель Perfeo J2001, 3,5 (вилка) - 2х RCA (вилка), 1 м;0,850
Кабель Perfeo R3002, 2х RCA (вилка) - 2х RCA (вилка), 1,5м;0,690
Кабель Perfeo R3101, 3хRCA (вилка) -3хRCA(вилка),2м;1,400
Кабель Perfeo U4301, USB(вилка) - mini USB (вилка), 1м;0,650
Кабель Perfeo U4303, USB (вилка) - mini USB (вилка), 3 м;0,880
Кабель Perfeo патч-корд P6007, UTP CAT5e RJ-45, 10 м;1,500
Кабель REDAX RDX-345 MICRO USB;1,350
Кабель USB-mini USB 0,35 м AM/5P синий,силикон;0,600
Кабель питания для радио (толстый провод);0,430
Карта памяті KINGSTON microSDXC (UHS-1) Canvas Select 32Gb class 10 (R-80MB/s) (adapter SD);4,000
Карта памяті TEAM microSDHC 32GB Class 10 no  adapter;3,350
Карта памяті TEAM microSDHC 4GB Class 4 + adapter;2,450
Карта памяті TEAM microSDHC 8GB Class 10+ SD adapter;2,550
Мережевий фільтр Maxxter SPM3-G-10G, сірий, 3 м кабель, 3 розетки;2,180
Мережевий фільтр Maxxter SPM3-G-6G, сірий, 1.8 м кабель, 3 розетки;1,900
Мережевий фільтр Maxxter SPM5-G-10B 3,0м;2,500
Мережевий фільтр Maxxter SPM5-G-15G 4,5m;2,650
Мережевий фільтр Maxxter SPM5-G-6B 1,8м;2,150
Навушники Xiaomi MI 3 gold+mic (гарнитура);1,750
Навушники Xiaomi MI 3 silver+mic (гарнитура);1,750
Флешка USB A-DATA 32GB C906 Black;3,600
Флешка USB Kingston USB3.0 DTIG4 32GB;4,150
Батарейка DURACELL 9V / MN1604 KPN1*10 ;2,050
Батарейка DURACELL LR03 MN2400 KPD 04*10 Turbo 1x4 шт.;0,450
Батарейка DURACELL LR06 MN1500 KPD 04*20 Turbo 1x4 шт.;0,450
Батарейка DURACELL LR14/ MN1400 KPN 02*10 ;1,050
Батарейка DURACELL LR20 /MN1300 KPN 02*10 ;1,050
Батарейка GP 6F22 Supercell;0,335
Батарейка GP 6LF22 SUPER (крона) коробка;1,000
Батарейка GP LR20 SUPER ALKALINE;0,920
Батарейка GP LR6 SUPER Alkaline (40);0,182
Батарейка VARTA 2003 (R3) SUPERLIFE BL 1*4;0,115
Батарейка VARTA CR 2016 LITHIUM;0,460
Батарейка VARTA CR 2032 LITHIUM ;0,460
Батарейка Videx AG 1 (LR621) BLISTER CARD 10 pcs;0,036
Батарейка YOKOHAMA A23 1*5;0,270
Батарейка YOKOHAMA A27 1*5;0,270
Батарейка YOKOHAMA AG13 LR44;0,081
Батарейка DURACELL LR06 MN1500 KPD 04*20 Turbo 1x4 шт.;0,450
Батарейка VERBATIM CR 2450 / 2bl Lithium , 3V;0,900
Батарейка Videx AG 13(LR44) BLISTER CARD 10 pcs;0,050
Мережевий фільтр Maxxter SPM3-G-10G, сірий, 3 м кабель, 3 розетки;2,180
Мережевий фільтр Maxxter SPM3-G-15G, сірий, 4.5 м кабель, 3 розетки;2,500
Мережевий фільтр Maxxter SPM3-G-6G, сірий, 1.8 м кабель, 3 розетки;1,900
Батарейка DURACELL Zinc Air DA 10 (6 bl);0,330
Батарейка DURACELL Zinc Air DA 13 (6 bl);0,310
Батарейка DURACELL Zinc Air DA 675 (6 bl);0,300
Батарейка TOSHIBA CR2450;0,330
Батарейка YOKOHAMA CR2032;0,150
Флешка USB Kingston DT SWIVL 16GB USB3.0 (DTSWIVL/16GB);2,950
Флешка USB Kingston USB3.0 DT106 16GB;2,950
Флешка USB Kingston USB3.0 DTIG4 16GB;2,950
Батарейка DURACELL LR06 MN1500 1х12 шт. в ряд;0,280
Батарейка DURACELL LR03 MN2400 1x12 шт. в ряд;0,280
Батарейка DURACELL LR06 MN1500 1х12 шт. в ряд;0,280
Батарейка KODAK EXTRA HEAVY DUTY R 6 коробка 1x4 шт.;0,063
Батарейка KODAK EXTRA HEAVY DUTY R3 коробка 1x4 шт.;0,058
Батарейка Videx R2OP/D 2pcs SHRINK;0,250
Батарейка DURACELL LR03 MN2400 1x12 шт. в ряд;0,280
Батарейка DURACELL LR06 MN1500 1х12 шт. в ряд;0,280
Батарейка VARTA 4103 (LR03) EXTRA LongLife 1х4 шт.;0,220
Батарейка VARTA 4122 (6LR61) EXTRA LongLife ;0,950
Батарейка VARTA 4706 (LR06) Max-Tech (LongLife MAX Power) 1x4;0,347
Батарейка VARTA CR 2032 LITHIUM ;0,460
Батарейка VARTA V 27 ALKALINE;1,143
Батарейка YOKOHAMA CR2032;0,150
Батарейка YOKOHAMA LR 3 Блістер 1x4 шт.;0,140
Батарейка YOKOHAMA LR 6 Блістер 1x4 шт.;0,145
Зарядний пристрій для мобільного телефону АЗУ SERTEC ST-212 MICRO USB;2,050
Зарядний пристрій для мобільного телефону АЗУ SERTEC ST-213 MICRO USB;2,100
Зарядний пристрій для мобільного телефону АЗУ SERTEC ST-215 IPHONE 5;2,250
Зарядний пристрій для мобільного телефону АЗУ SERTEC ST-219 MICRO USB;2,120
Зарядний пристрій для мобільного телефону АЗУ SERTEC ST-223 MICRO USB;2,700
Зарядний пристрій для мобільного телефону АЗУ SERTEC ST-225 MICRO USB;2,050
Зарядний пристрій для мобільного телефону АЗУ SERTEC ST-229 IPHONE 5;2,800
Зарядний пристрій для мобільного телефону АЗУ SERTEC ST-229 MICRO USB;2,600
Кабель AUX 3.5mm Jack - Jack JBL;0,630
Кабель AUX-SH-021 Jack3,5мм+Jack3,5мм силікон товстий провід 1м;0,550
Кабель Perfeo J2102, 3,5 (вилка) - mini Jack 3,5 (вилка),1,5;0,780
Модулятор FM-I15 + bluetooth;4,000
Модулятор FM-V7 + bluetooth;4,200
Модулятор S12 + bluetooth;4,850
Модулятор S18 + bluetooth;3,750
Модулятор S23 + bluetooth;4,700
Модулятор S700 + bluetooth;6,100
Батарейка GP AG1,LR620, LR;0,085
Батарейка GP AG10, LR54,389;0,085
Батарейка GP AG13, LR44;0,111
Батарейка GP AG3, LR41,392;0,085
Батарейка GP AG4, LR626;0,085
Батарейка GP CR1216-U5;0,730
Батарейка GP CR1620-U5 літієві;0,560
Батарейка GP CR2025-U5 ;0,240
Батарейка DURACELL LR06 MN1500 1x4 шт.;0,350
Батарейка DURACELL LR20 /MN1300 KPN 02*10 ;1,100
Флешка USB Apacer AH354 32GB Black USB3.0;3,650
Батарейка PANASONIC R 20 коробка 1х2шт;0,300
Батарейка SONY R 20 коробка 1x2 шт.;0,280
Батарейка YOKOHAMA CR2032;0,150
Батарейка GP 6F22 Supercell;0,335
Батарейка GP 6LF22 SUPER (крона) коробка;1,000
Батарейка PANASONIC R 6 Special коробка 1Х8;0,100
Батарейка VARTA 2003 (R3) SUPERLIFE BL 1*4;0,115
Батарейка Videx AG 13(LR44) BLISTER CARD 10 pcs;0,050
Батарейка Videx AG 3 (LR41) BLISTER CARD 10 pcs;0,036
Батарейка Videx R14P/C 2pcs SHRINK;0,160
Батарейка Videx R2OP/D 2pcs SHRINK;0,250
Карта памятi Apacer micro SDHC 16Gb UHS-I Class 10 no ad;2,650
Карта памяти A-DATA microSD 8GB adapter class 4;2,650
Навушники DEFENDER Basic-603 black;0,900
Навушники Nike motion NK-96 black (клас А);0,900
Навушники Nike motion NK-96 red (клас А);0,900
Навушники Puma XS-05 happy hunting black (клас А);0,900
Флешка USB Apacer AH111 8GB blue;3,240
Флешка USB Apacer AH116 8GB Black;3,240
Флешка USB Apacer AH322 16GB Black;2,600
Флешка USB RIDATA BRIGHT 8GB Metal SD10;3,900
Флешка USB RIDATA STREAMER 16GB Black OD3;3,050
Флешка USB RIDATA TINY S 16GB Black OD6B;3,300
Батарейка DURACELL LR06 MN1500 1х12 шт. в ряд;0,280
Батарейка DURACELL LR06 MN1500 1х12 шт. в ряд;0,280
Батарейка GP LR3 SUPER Alkaline (40);0,179
Батарейка GP LR6 SUPER Alkaline (40);0,182
Батарейка KODAK EXTRA HEAVY DUTY R3 коробка 1x4 шт.;0,058
Зарядний пристрій для мобільних телефонів СЗУ АА Nokia 6101 AWM;0,500
Кабель HAVIT HV-CB608X, white MicroUSB ;1,100
Кабель HAVIT HV-CB8601, black MicroUSB;0,800
Кабель HAVIT HV-CB8610, black, Micro USB;0,630
Карта памяти A-DATA microSD 8GB adapter class 4;2,650
Навушники SERTEC ST-201 BLACK;1,000
Навушники SERTEC ST-201 BLUE;1,000
Навушники SERTEC ST-204 BLACK;1,000
Навушники SERTEC ST-207 BLACK;1,000
Навушники SERTEC ST-207 BLUE;1,000
Навушники SERTEC ST-300 BLACK;1,300
Навушники SERTEC ST-300 SILVER;1,300
Навушники SERTEC ST-403 BLUE;1,450
Навушники SERTEC ST-404 GRAY;1,450
Навушники SERTEC ST-500 BLACK;1,800
Навушники SERTEC ST-500 BLUE;1,800
Батарейка Videx AG 10(LR1130) BLISTER CARD 10 pcs;0,048
Батарейка Videx CR2032 5pcs BLISTER CARD;0,127
Батарейка Videx LR6/AA 2pcs SHRINK CARD;0,135
Батарейка Videx R14P/C 2pcs SHRINK;0,158
Батарейка Videx А27 5pcs BLISTER CARD;0,270
Батарейка YOKOHAMA R 3 коробка 1x4 шт.;0,054
Батарейка YOKOHAMA R 6 коробка 1x4 шт.;0,060
Коробка для диска конверт бумажный с окном;0,015
Батарейка DURACELL LR06 MN1500 1х12 шт. в ряд;0,280
Диск ALERUS CD-R 700Mb 52x Bulk 50 pcs;0,121
Диск ALERUS DVD-R 4,7Gb 16x Bulk 50 pcs Printable full face;0,143
Диск ALERUS DVD-R 4,7Gb 8-16x Bulk 50 pcs;0,125
Модулятор HAVIT HV-FM50BT(40шт/ящ);5,800
Аккумулятор Videx HR03/AAA 800MAH double blister/2pcs 20/200;0,850
Батарейка DURACELL LR03 MN2400 1x12 шт. в ряд;0,280
Батарейка DURACELL LR06 MN1500 1х12 шт. в ряд;0,280
Батарейка GP 6F22 Supercell;0,335
Батарейка GP LR6 SUPER Alkaline (40);0,182
Батарейка KODAK EXTRA HEAVY DUTY R3 коробка 1x4 шт.;0,058
Батарейка Videx 6F22/9V (Крона) 1pcs SHRINK ;0,240
Батарейка Videx CR1616 5pcs BLISTER CARD;0,135
Батарейка Videx LR03/AAA 2pcs SHRINK CARD;0,125
Батарейка Videx LR2O/D 2pcs SHRINK;0,735
Батарейка Videx R14P/C 2pcs SHRINK;0,158
Батарейка Videx R6P/AA 4pcs SHRINK;0,064
Аккумулятор Videx HR6/AA 2700MAH double blister/2pcs 20/200;1,950
Батарейка GP LR3 SUPER Alkaline (40);0,182
Батарейка GP LR6 SUPER Alkaline (40);0,182
Батарейка GP LR6 Ultra Alkaline 1*2;0,210
Батарейка PANASONIC R 6 Special коробка 1Х8;0,098
Батарейка SONY R 6 коробка 1x8 шт.;0,082
Батарейка Videx R14P/C 2pcs SHRINK;0,158
Батарейка YOKOHAMA CR2032;0,150
Лампа VIDEX LED A60e 9W E27 4100K 220V (VL-A60e-08274) Aкція 2шт/пак;0,990
Аккумулятор PANASONIC ENELOOP R6 ''АА'' (2450mAh)x4шт;3,400
Батарейка Energizer Maximum LR03 1x4 шт.;0,400
Батарейка Energizer Maximum LR06 1x4 шт.;0,400
Батарейка GP A23;0,390
Батарейка PANASONIC CR2032 6шт;0,500
Карта памяті KINGSTON microSDXC (UHS-1) Canvas Select 32Gb class 10 (R-80MB/s) (adapter SD);4,000
Карта памяті KINGSTON microSDXC (UHS-1) Canvas Select 32Gb class 10 (R-80MB/s) (no adapter SD);3,900
Карта памяті KINGSTON microSDXC (UHS-1) Canvas Select 64Gb class 10 (R-80MB/s) (adapter SD);8,650
Карта памяті KINGSTON microSDXC (UHS-1) Canvas Select 64Gb class 10 (R-80MB/s) (no adapter SD);8,500
Флешка USB Kingston USB 3.0 DT 50 128GB metal;16,800
Вимикач VIDEX BINERA белый 1кл (VF-BNSW1-W) (20/120);1,250
Зарядний пристрій для аккумуляторів Videx VCH-U202 Li-ion,Ni-Mh/Cd,PowerBank;9,600
Рамка VIDEX BINERA белая 4 поста горизонтальная (VF-BNFR4H-W) (12/72);0,850
Розетка VIDEX BINERA белая 1ая с заземлением (VF-BNSK1G-W) (20/120);1,500
Розетка VIDEX BINERA белая 1ая с заземлением и 2USB (VF-BNSK1GU2-W) (20/120);6,800
Розетка VIDEX BINERA белая 1ая с заземлением и крышкой (VF-BNSK1GC-W) (20/120);1,500
Розетка VIDEX BINERA белая 2ая с заземлением (VF-BNSK2G-W) (10/80);2,500
Кабель Perfeo U4001, USB (вилка) - micro USB (вилка), 1 м;0,620
Кабель Perfeo U4002, USB (вилка) - micro USB (вилка),1,8м;0,800
Карта памяті KINGSTON microSDXC (UHS-1) Canvas Select 16Gb class 10 (R-80MB/s) (no adapter SD);2,750
Карта памяті KINGSTON microSDXC (UHS-1) Canvas Select 32Gb class 10 (R-80MB/s) (no adapter SD);3,900
Флешка USB Apacer AH322 16GB Black;2,600
Флешка USB Apacer AH322 8GB Black;2,600
Флешка USB Apacer AH333 16GB black;2,600
Батарейка KODAK EXTRA HEAVY DUTY R 6 коробка 1x4 шт.;0,063
Батарейка KODAK EXTRA HEAVY DUTY R3 коробка 1x4 шт.;0,058
Батарейка Videx LR03/AAA 2pcs SHRINK CARD;0,128
Батарейка Videx LR6/AA 2pcs SHRINK CARD;0,135
Батарейка Videx R2OP/D 2pcs SHRINK;0,250
Батарейка Videx R6P/AA 4pcs SHRINK;0,064
Лампа TITANUM LED A60 10W E27 4100K 220V (TL-A60-10274);0,800
Лампа VIDEX LED A60e 9W E27 3000K 220V (VL-A60e-09273);1,080
Лампа VIDEX LED A60e 9W E27 4100K 220V (VL-A60e-09274);1,080
Батарейка Perfeo R03 ААА 1,5V, Dynamic zinc, Shrink/2;0,028
Батарейка VARTA CR 2025 LITHIUM;0,460
Мишка HAVIT HV-MS927GT Wireless USB, blue;4,600
Мишка HAVIT HV-MS989GT Wireless USB, black;3,400
Флешка USB A-DATA 32GB C906 Black;3,600
Флешка USB Apacer AH321 16GB ;2,700
Флешка USB Apacer AH322 16GB Black;2,600
Флешка USB Kingston USB3.0 DT100G3 32GB;4,150
Флешка USB RIDATA 16GB Silver OJ3 ZEN;2,950
Флешка USB RIDATA STREAMER 32GB Black OD3;3,630
Фотопапір  Agfa Prof  A4 230г 20 листів;2,200
Фотопапір Perfeo глянцевая 10х15, 230 г/м2, 500 листов;7,400
Батарейка GP 6F22 powercell  ;0,310
Батарейка GP 6F22 Supercell;0,335
Батарейка GP AG10, LR54,389;0,085
Батарейка GP AG13, LR44;0,111
Батарейка GP CR2025-U5 ;0,240
Батарейка KODAK EXTRA HEAVY DUTY R 6 коробка 1x4 шт.;0,063
Батарейка KODAK EXTRA HEAVY DUTY R3 коробка 1x4 шт.;0,058
Батарейка PANASONIC R 14 коробка 1х2шт;0,190
Батарейка PANASONIC R 20 коробка 1х2шт;0,300
Батарейка SONY R 14 коробка 1x2 шт.;0,200
Батарейка SONY R 20 коробка 1x2 шт.;0,280
Батарейка VARTA CR 2032 LITHIUM ;0,460
Батарейка Videx R14P/C 2pcs SHRINK;0,158
Батарейка Videx R2OP/D 2pcs SHRINK;0,250
Батарейка YOKOHAMA R 14 коробка 1x2 шт.;0,195
Батарейка YOKOHAMA R 20 коробка 1x2 шт.;0,230
Диск VERBATIM DVD-R 4,7Gb 16x Cake 50 pcs 43548;0,210
Флешка USB Apacer AH111 32GB Crystal;3,650
Флешка USB Apacer AH111 8GB blue;3,240
Флешка USB Apacer AH112 32GB Red;3,750
Флешка USB Apacer AH112 8GB Red;3,250
Флешка USB Apacer AH116 32GB Black;3,650
Флешка USB Apacer AH116 8GB Black;3,240
Флешка USB Apacer AH321 16GB ;2,700
Флешка USB Apacer AH322 8GB Black;2,600
Флешка USB Apacer AH325 8GB Black;2,600
Флешка USB Apacer AH326 16GB Black;2,650
Флешка USB Apacer AH333 8GB black with Chinese Character;2,600
Флешка USB Apacer AH358 32Gb white USB3.0;3,650
Флешка USB Kingston USB 3.0 DT 50 16GB metal ;3,250
Батарейка DURACELL Zinc Air DA 10 (6 bl);0,330
Кабель Havit-16  1.4 HDMI 1.5М;1,300
Кабель Perfeo H1002 HDMI A- HDMI A,1,5м, ver. 1.4;1,300
Флешка USB Apacer AH321 16GB ;2,700
Флешка USB Apacer AH325 16GB Black;2,700
Мережевий фільтр Maxxter SPM3-G-10G, сірий, 3 м кабель, 3 розетки;2,180
Мережевий фільтр Maxxter SPM3-G-15G, сірий, 4.5 м кабель, 3 розетки;2,500
Мережевий фільтр Maxxter SPM3-G-6G, сірий, 1.8 м кабель, 3 розетки;1,900
Мережевий фільтр Maxxter SPM5-G-10B 3,0м;2,500
Мережевий фільтр Maxxter SPM5-G-15B 4,5m;2,650
Модулятор FM-G11 + bluetooth;4,200
Модулятор FM-G12 + bluetooth;4,200
Модулятор FM-M1 + bluetooth;5,500
Модулятор FM-V7 + bluetooth;4,200
Модулятор S18 + bluetooth;3,750
Зарядний пристрій для мобільних телефонів HAVIT HV-UC217S with Micro-USB cable 1m, black/white (80шт/ящ);2,480
Зарядний пристрій для мобільного телефону AWM СЗУ MICRO USB  (8600) (2000 Mah);1,700
Зарядний пристрій для мобільного телефону REDDAXRDX-015 USB вилка +кабель MICRO USB (2100Mah);1,900
Кабель HAVIT HV-CB531 USB TO IPHONE 5/5S/5C, green;2,200
Кабель HAVIT HV-CB636 (White), MicroUSB;1,150
Колонка радіо RX607;4,400
Мишка DEFENDER Optimum MS-130 USB B (черный),USB ;2,000
Мишка HAVIT HV-MS753 USB, black/gray;1,680
Батарейка Perfeo LR03 Super alkaline, shrink/2;0,088
Батарейка Perfeo LR20 D 1,5V, Super alkaline, blister/2;0,510
Батарейка Perfeo LR6 АА 1,5V, Super alkaline, shrink/2;0,095
Батарейка Videx AG 1 (LR621) BLISTER CARD 10 pcs;0,036
Батарейка Videx LR2O/D 2pcs BLISTER CARD;0,760
Батарейка Videx LR6/AA 2pcs SHRINK CARD;0,135
Батарейка Videx R2OP/D 2pcs SHRINK CARD;0,260
Аккумулятор Videx HR6/AA 2100MAH double blister/2pcs 20/200;1,500
Батарейка DURACELL LR03 MN2400 1x12 шт. в ряд;0,280
Батарейка DURACELL LR06 MN1500 1x4 шт.;0,350
Батарейка DURACELL LR06 MN1500 KPD 04*20 Turbo 1x4 шт.;0,450
Батарейка GP A23;0,390
Батарейка GP A27;0,410
Батарейка VARTA 2020 (R20 D) 1x2.;0,480
Батарейка VARTA 4920 (LR20) High-Energy 1X2;0,895
Батарейка YOKOHAMA LR 3 ENERGY MAX Блістер 1x2 шт.;0,198
Батарейка YOKOHAMA LR 6 ENERGY MAX Блістер 1x2 шт.;0,198
Батарейка YOKOHAMA R 14 коробка 1x2 шт.;0,195
Батарейка YOKOHAMA R 6 коробка 1x4 шт.;0,060
Калькулятор KK 268;1,000
Калькулятор KK 808;1,100
Колонка радіо RX607;4,500
Батарейка DURACELL LR06 MN1500 1x4 шт.;0,350
Батарейка GP 6F22 Supercell;0,335
Батарейка GP CR2032-U5 ;0,261
Батарейка GP LR3 SUPER Alkaline (40);0,182
Батарейка GP LR6 SUPER Alkaline (40);0,182
Батарейка KODAK EXTRA HEAVY DUTY R3 коробка 1x4 шт.;0,058
Батарейка MAXELL SR-626 SW 377 (AG4) серебро JAPAN;0,280
Батарейка SONY R 03 коробка 1x8 шт.;0,100
Батарейка SONY R 14 коробка 1x2 шт.;0,200
Батарейка SONY R 6 коробка 1x8 шт.;0,082
Батарейка Videx CR2032 5pcs BLISTER CARD;0,127
Батарейка Videx R6P/AA 4pcs SHRINK;0,070
Колонка JBL CHARGE 4;10,000
Батарейка GP CR2032-U5 ;0,261
Батарейка VARTA 4120 (LR20) EXTRA LongLife 1х2;1,000
Батарейка VARTA CR 2025 LITHIUM;0,460
Батарейка YOKOHAMA R 14 коробка 1x2 шт.;0,195
Флешка USB Apacer AH111 8GB blue;3,240
Флешка USB Apacer AH112 8GB Red;3,250
Флешка USB Apacer AH116 8GB Black;3,240
Флешка USB Apacer AH322 8GB Black;2,600
Батарейка GP 15C-S4 powerplus R6;0,074
Батарейка GP LR3 SUPER Alkaline (40);0,182
Батарейка GP LR6 SUPER Alkaline (40);0,182
Батарейка KODAK EXTRA HEAVY DUTY R3 коробка 1x4 шт.;0,058
Батарейка PANASONIC R 6 Special коробка 1Х8;0,098
Батарейка SONY R 14 коробка 1x2 шт.;0,200
Батарейка SONY R 20 коробка 1x2 шт.;0,280
Батарейка SONY R 6 коробка 1x8 шт.;0,082
Коврик Microsoft прорезиновый 220*180*2мм;0,400
Коврик для мишки HAVIT HV-MP820  blue 22,5*27,5;1,500
Коврик для мишки HAVIT HV-MP837, black;0,870
Лампа VIDEX LED G45 7W E27 3000K 220V (VL-G45-07273);1,850
Мишка DEFENDER Optimum MM-140 USB S (серебро),USB ;2,150
Мишка HAVIT HV-MS675 USB, purple;1,850
Мишка HAVIT HV-MS753 USB, black/yellow;1,680
Мишка HAVIT HV-MS851 USB, black(100шт/ящ);1,550
Мишка HAVIT HV-MS851 USB, blue(100шт/ящ);1,550
Аккумулятор Panasonic 18650 3400mAh NCR18650B                 ;4,000
Зарядний пристрій для аккумуляторів C20 (14500/16340/18650/26650) на 2АКБ, USB;6,300
Зарядний пристрій для аккумуляторів C40 (14500/16340/18650/26650) на 4АКБ, USB;10,000
Зарядний пристрій для аккумуляторів F2 (14500/16340/18650/26650) на 2АКБ, USB;2,500
Зарядний пристрій для аккумуляторів HZM-839 (18650/26650) на 1АКБ;1,300
Зарядний пристрій для аккумуляторів SH-811B (14500/16340/18650/26650) на 1АКБ;0,850
Зарядний пристрій для аккумуляторів ZF-88 (14500/16340/18650/26650) на 2АКБ, USB;3,300
Зарядний пристрій для аккумуляторів Нічний патруль MTL-465 автом,універс для Li-on,Ni-Mh,Ni-Cd,18650,26650..;17,500
Клавіатура комплект бездротовий HAVIT HV-KB559GCM wireless GAMING USB black;12,200
Мишка DEFENDER Datum MS-980 black;1,450
Мишка DEFENDER Optimum MB-160 USB (black),1000 dpi, 3 button;1,350
Мишка DEFENDER Optimum MB-270 USB (black),1000 dpi, 3 button;1,450
Мишка DEFENDER Optimum MS-130 USB B (черный),USB ;2,000
Паста термопроводная HY-410 0,5g, пакет, White, >0,925W/m-K, <0.262°C-in?/W, -30°?280° Q200;0,088
Паста термопроводная HY-510, 3g, шприц, Grey, >1,93W/m-K, <0.225°C-in?/W Q20;0,600
Паста термопроводная HY-610, 1g, шприц, Gold, >3.05W/m-K, <0.073°C-in?/W Блистер Q50;0,400
Паста термопроводная HY-710 2g, шприц, Grey, >3,17W/m-K, <0.067°C-in?/W, -30°?240°, OEM Q40;0,990
Паста термопроводная HY-810 3g, шприц, Grey, >4,63W/m-K, <0.0087°C-in?/W, -30°?280°, OEM Q20;1,380
Паста термопроводная HY-880 0.5g, шприц, Grey, >5,15W/m-K, <0.004°C-in?/W, -30°?340°, Блистер Q50;0,550
Батарейка DURACELL LR06 MN1500 1x4 шт.;0,350
Батарейка GP 6F22 Supercell;0,335
Батарейка GP LR14 SUPER ALKALINE;0,680
Батарейка Videx LR03/AAA 2pcs SHRINK CARD;0,128
Батарейка Videx LR6/AA 2pcs SHRINK CARD;0,135
Батарейка KODAK EXTRA HEAVY DUTY R 6 коробка 1x4 шт.;0,063
Батарейка TOSHIBA HEAVY DUTY R 6 коробка 1x4 шт.;0,069
Батарейка YOKOHAMA R 6 коробка 1x4 шт.;0,058
Батарейка GP CR2032-U5 ;0,261
Батарейка DURACELL LR14/ MN1400 KPN 02*10 ;1,050
Батарейка MAXELL SR-626 SW 377 (AG4) серебро JAPAN;0,280
Зарядний пристрій для мобільних телефонів СЗУ АА Nokia 6101 AWM;0,500
Кабель HAVIT питания ноутбука 1.5М;0,950
Мережевий фільтр Maxxter SPM5-G-15B 4,5m;2,650
Мережевий фільтр Maxxter SPM5-G-15G 4,5m;2,650
Аккумулятор Videx Li-Ion 18650(без захисту) 2200mAh bulk 100/600;1,700
Батарейка DURACELL LR06 MN1500 1x4 шт.;0,350
Батарейка Videx AG 4 (LR626) BLISTER CARD 10 pcs;0,045
Батарейка Videx CR2032 5pcs BLISTER CARD;0,127
Зарядний пристрій для мобільного телефону SERTEC USB вилка STC-H1;1,350
Кабель Perfeo U4001, USB (вилка) - micro USB (вилка), 1 м;0,620
Флешка USB Apacer AH111 8GB blue;3,240
Флешка USB Apacer AH322 8GB Black;2,600
Флешка USB Apacer AH325 16GB Black;2,700
Флешка USB Apacer AH326 16GB Black;2,650
Аккумулятор GP R-06/2bl 2700 mAh Ni-MH;2,450
Батарейка SONY R 20 коробка 1x2 шт.;0,280
Батарейка SONY R 6 коробка 1x8 шт.;0,082
Зарядний пристрій для мобільного телефону REDDAXRDX-013 USB вилка +кабель MICRO USB (2100Mah);2,300
Зарядний пристрій для мобільного телефону REDDAXRDX-015 USB вилка +кабель MICRO USB (2100Mah);1,800
Зарядний пристрій для мобільного телефону REDDAXRDX-017 USB вилка +кабель MICRO USB (1000Mah);1,500
Зарядний пристрій для мобільного телефону SERTEC USB MICRO USB STC-H2 2,1A;1,500
Зарядний пристрій для мобільного телефону СЗУ MEIZU micro (2in1/2.1A) в упак white;1,800
Кабель HAVIT HV-CB630, Black MicroUSB;1,600
Кабель HAVIT HV-CB8601, black MicroUSB;0,930
Кабель HAVIT HV-CB8601, white MicroUSB ;0,930
Кабель HAVIT HV-CB8610, black, Micro USB;0,630
Кабель HAVIT HV-H67, black, Micro USB;1,030
Кабель Reddax RDX-310L  MICRO USB;1,250
Кабель SERTEC ST-052 MICRO ;1,500
Кабель SERTEC ST-055 1М MICRO (V8) BLACK;1,200
Кабель SERTEC ТКАНЕВЫЙ IP 5G/5S в коробці;1,400
Аккумулятор Videx HR03/AAA 1000MAH double blister/2pcs 20/200;0,990
Аккумулятор Videx Li-Ion 18650(без захисту) 2800mAh bulk 100/600;2,400
Батарейка Videx CR2032 5pcs BLISTER CARD;0,127
Батарейка Videx LR03/AAA 2pcs SHRINK CARD;0,128
Батарейка Videx LR6/AA 2pcs SHRINK CARD;0,135
Зарядний пристрій для мобільного телефону SERTEC USB вилка STC-H1;1,350
Аккумулятор Videx HR03/AAA 1000MAH double blister/2pcs 20/200;0,990
Батарейка DURACELL LR03 MN2400 1x12 шт. в ряд;0,280
Батарейка GP A23;0,390
Батарейка GP A27;0,410
Батарейка GP AG10, LR54,389;0,085
Батарейка GP AG3, LR41,392;0,085
Батарейка GP CR2025-U5 ;0,240
Батарейка GP CR2032-U5 ;0,261
Батарейка GP LR3 SUPER Alkaline (40);0,182
Батарейка GP LR6 SUPER Alkaline (40);0,182
Батарейка KODAK EXTRA HEAVY DUTY R 6 коробка 1x4 шт.;0,063
Батарейка MAXELL SR-626 SW 377 (AG4) серебро JAPAN;0,260
Батарейка VARTA V 321 WATCH;0,520
Батарейка Videx AG 0 (LR521) BLISTER CARD 10 pcs;0,077
Батарейка Videx AG 13(LR44) BLISTER CARD 10 pcs;0,050
Батарейка Videx CR1620 5pcs BLISTER CARD;0,127
Батарейка Videx LR6/AA 2pcs SHRINK CARD;0,135
Батарейка Videx R03P/AAA 4pcs SHRINK;0,056
Батарейка Videx R6P/AA 4pcs SHRINK;0,070
Батарейка GP CR2016-U5 ;0,259
Батарейка GP CR2025-U5 ;0,259
Батарейка GP LR6 SUPER Alkaline (40);0,182
Батарейка Videx AG 13(LR44) BLISTER CARD 10 pcs;0,050
Батарейка Videx CR2032 5pcs BLISTER CARD;0,127
Батарейка Videx R03P/AAA 4pcs SHRINK;0,056
Батарейка Videx R2OP/D 2pcs SHRINK;0,250
Батарейка Videx R6P/AA 4pcs SHRINK;0,070
Карта памятi Apacer micro SDHC 16Gb UHS-I Class 10 no ad;2,650
Карта памяті Kingston microSDHC 8GB Class 4 + adapter;2,800
Карта памяті KINGSTON microSDXC (UHS-1) Canvas Select 32Gb class 10 (R-80MB/s) (no adapter SD);3,900
Флешка USB Apacer AH111 16GB blue;3,250
Флешка USB Apacer AH111 16GB Crystal;3,350
Флешка USB Apacer AH112 16GB Red;3,250
Флешка USB Apacer AH116 16GB Black;3,350
Батарейка GP LR3 Ultra Alkaline 1*2;0,190
Батарейка GP LR6 Ultra Alkaline 5bl;0,210
Батарейка VARTA 4906 (LR06) Long Life Power 1X4;0,270
Батарейка VARTA CR 2032 LITHIUM ;0,460
Батарейка VARTA V 13 GA 1 ALKALINE;0,299
Батарейка VARTA V 27 ALKALINE;1,140
Батарейка VARTA V 373 WATCH;1,480
Батарейка VARTA V 625 U ALKALINE;0,680
Батарейка Videx AG 13(LR44) BLISTER CARD 10 pcs;0,050
Батарейка Videx AG 6 (LR921) BLISTER CARD 10 pcs;0,058
Батарейка Videx CR2032 5pcs BLISTER CARD;0,127
Батарейка Videx CR2450 5pcs BLISTER CARD;0,320
Батарейка Videx А27 5pcs BLISTER CARD;0,270
Батарейка YOKOHAMA CR2430;0,360
Батарейка YOKOHAMA LR 6 коробка 1x4 шт.;0,130
Кабель  HDMI_HDMI 3m;1,520
Кабель HAVIT питания комп 1.2М;0,920
Карта памятi Apacer micro SDHC 16Gb UHS-I Class 10 no ad;2,650
Карта памятi Apacer micro SDHC 32Gb UHS-I Class 10 + ad;3,900
Флешка USB Apacer AH111 16GB blue;3,250
Батарейка GP CR2016-U5 ;0,259
Батарейка GP CR2032-U5 ;0,261
Батарейка SONY R 20 коробка 1x2 шт.;0,280
Батарейка YOKOHAMA LR 6 коробка 1x4 шт.;0,130
Батарейка YOKOHAMA R 6 коробка 1x4 шт.;0,058
Флешка USB Apacer AH111 8GB blue;3,250
Флешка USB Apacer AH112 8GB Red;3,250
Флешка USB Apacer AH322 8GB Black;2,600
Флешка USB Apacer AH325 8GB Black;2,600
Флешка USB Apacer AH333 8GB black with Chinese Character;2,600
Флешка USB RIDATA BRIGHT 8GB Metal SD10;3,900
Зарядний пристрій для аккумуляторів Videx VCH-N400;4,950
Батарейка Duracell 2032 2x10;0,730
Батарейка DURACELL LR03 MN2400 KPD Turbo Max 1x6шт.;0,480
Батарейка DURACELL LR20 /MN1300 KPN 02*10 ;1,100
Батарейка VARTA 4122 (6LR61) EXTRA LongLife ;0,950
Батарейка Videx CR2032 5pcs BLISTER CARD;0,127
Батарейка Videx LR03/AAA 2pcs SHRINK CARD;0,130
Мишка HAVIT HV-MS626GT Wireless USB, blue;3,200
Мишка HAVIT HV-MS675 USB, blue;2,000
Мишка HAVIT HV-MS675 USB, red;2,000
Мишка HAVIT HV-MS689 USB, black;2,000
Мишка HAVIT HV-MS689 USB, blue;2,000
Мишка HAVIT HV-MS736 GAMING USB, black;2,700
Колонка JBL CHARGE 4;10,000
Колонка NS-017;4,000
Колонка радіо KIPO 308;5,200
Колонка радіо KIPO 408;5,200
Колонка радіо RX607;4,400
Мережевий фільтр Gembird SPG5-G-10B 3,0м;2,650
Мережевий фільтр Gembird SPG5-G-10G 3,0м;2,650
Аккумулятор Videx Li-Ion 18650(без захисту) 2200mAh bulk 100/600;1,750
Лампа VIDEX VL-TF02W 7W 3000-5500K 220V(16шт/ящ));12,500
Лампа VIDEX VL-TF03W 8W 3000-5500K 220V(12шт/ящ);16,000
Карта памятi Apacer micro SDHC 16Gb UHS-I Class 10 R85MB/s (adapter SD);2,750
Карта памяти A-DATA microSD 8GB adapter class 4;2,650
Карта памяті KINGSTON microSDXC (UHS-1) Canvas Select 16Gb class 10 (R-80MB/s) (adapter SD);2,850
лампа Small Sun ZY-E1 24+6SMDЗУ USB 2р, встр АКБ, сенс;6,000
лампа Small Sun ZY-E2 12+20SMDЗУ USB 3р, пл р 18650 в к;6,000
лампа Small Sun ZY-E3 20+16SMDЗУ USB 4р, пл р 18650 в к;7,000
Мишка DEFENDER Optimum MB-160 USB (black),1000 dpi, 3 button;1,350
Мишка HAVIT HV-MS689 USB, blue;2,000
Мишка HAVIT HV-MS753 USB, black/gray;1,680
Зарядний пристрій для аккумуляторів Videx VCH-U202 Li-ion,Ni-Mh/Cd,PowerBank;9,600
Лампа TITANUM LED G45 5W E27 4100K 220V (TL-G45-05274);0,750
Батарейка DURACELL LR20 /MN1300 KPN 02*10 ;1,100
Флешка USB Apacer AH23B 32Gb black;3,050
Флешка USB Apacer AH322 32GB Black;3,050
Флешка USB Apacer AH333 32GB black;3,050
Флешка USB Apacer AH336 32GB Black;3,050
Флешка USB Apacer AH355 32GB Black USB3.0;3,600
Чистячий засіб HAVIT HV-SC050;1,450
Батарейка Perfeo R6 АА 1,5V, Dynamic zinc, Shrink/2;0,035
Аккумулятор Videx HR6/AA 2500MAH double blister/2pcs 20/200;1,850
Аккумулятор Videx Li-Ion 18650-P(Захист) 2200mAh color box/1pc 20/160;2,450
Аккумулятор Videx Li-Ion 18650-P(Захист) 3000mAh color box/1pc 20/160;3,800
Аккумулятор Videx Li-Ion 18650-P(Захист) 3400mAh color box/1pc 20/160;4,500
Батарейка DURACELL LR03 MN2400 1x12 шт. в ряд;0,280
Батарейка Videx 6LR61/9V (Крона) 1pcs BLISTER;0,810
Батарейка Videx AG 1 (LR621) BLISTER CARD 10 pcs;0,036
Батарейка Videx CR2032 5pcs BLISTER CARD;0,127
Батарейка Videx LR03/AAA 2pcs SHRINK CARD;0,130
Зарядний пристрій для аккумуляторів Videx VCH-U100 Li-ion,Ni-Mh/Cd,PowerBank;5,400
Навушники Deepbass D-01 bl/red+mic(гарнітура с пер н 3,5);1,700
Навушники Deepbass D150 black/red+mic (гарнітура);1,500
Навушники DEFENDER Basic-609 black/white;0,950
Навушники DEFENDER Basic-616 black/blue;0,830
Навушники DEFENDER Basic-619 black/red;1,050
Навушники DEFENDER Basic-620 black;1,050
Навушники DEFENDER Pulse 426 Black;1,650
Навушники Perfeo Favorite, чёрные;0,700
Навушники Perfeo PRF-001, чёрные;0,450
Навушники Perfeo PRF-003, зелённые;0,470
Навушники Perfeo PRF-006, оранжевые;0,480
Навушники Xiaomi MI 3 silver+mic (гарнитура);1,750
Акустична система DEFENDER 2.0 SPK-480 2x2 Вт, USB black;4,650
Акустична система HAVIT HV-SK473 USB, black;3,800
Акустична система HAVIT HV-SK518 USB, black;5,800
Батарейка MAXELL SR-626 SW 377 (AG4) серебро JAPAN;0,280
Батарейка TOSHIBA AG12 LR43;0,045
Батарейка VARTA CR 2025 LITHIUM;0,460
Батарейка VARTA CR 2032 LITHIUM ;0,460
Батарейка Videx AG 1 (LR621) BLISTER CARD 10 pcs;0,036
Батарейка Videx AG 13(LR44) BLISTER CARD 10 pcs;0,050
Батарейка Videx AG 3 (LR41) BLISTER CARD 10 pcs;0,036
Батарейка Videx AG 4 (LR626) BLISTER CARD 10 pcs;0,045
Батарейка Videx ZA13 (PR48) BLISTER6 (60/600/3000);0,240
Батарейка YOKOHAMA AG10 LR1130;0,074
Клавіатура DEFENDER Element HB-520 USB B черная;3,000
Клавіатура HAVIT HV-KB327, multimedia wired USB;4,100
Клавіатура HAVIT HV-KB378, USB, black;3,300
Мікрофон DEFENDER MIC-115 black;3,450
Мікрофон SVEN MK-155;1,800
Навушники DEFENDER HN-750 Blue;5,200
Наклейки на клавіатуру ліміновані чорна основа біло/жовті;0,260
Наклейки на клавіатуру ліміновані чорна основа біло/сині;0,260
Наклейки на клавіатуру ліміновані чорна основа біло/червоні;0,260
Батарейка GP CR1620-U5 літієві;0,560
Батарейка GP CR2032-U5 ;0,261
Батарейка GP LR3 SUPER Alkaline (40);0,182
Батарейка PANASONIC R 14 коробка 1х2шт;0,190
Батарейка SONY R 14 коробка 1x2 шт.;0,200
Батарейка Videx AG 13(LR44) BLISTER CARD 10 pcs;0,050
Батарейка Videx CR2032 5pcs BLISTER CARD;0,127
Батарейка YOKOHAMA R 6 коробка 1x4 шт.;0,058
Кабель HAVIT HV-CB8610, black, Micro USB;0,630
Карта памятi Apacer micro SDHC 16Gb UHS-I Class 10 no ad;2,650
Карта памяти A-DATA microSDHC (UHS-1) Premier 32Gb Class 10 (R-50Mb/s) (adapter SD);3,850
Карта памяті KINGSTON microSDXC (UHS-1) Canvas Select 16Gb class 10 (R-80MB/s) (no adapter SD);2,750
Навушники Bose MS-745 (голубой);1,900
Навушники HAVIT HV-H2238D, Blue (40шт/ящ);7,000
Навушники JBL JL-7 black;1,080
Навушники JBL MDR AN S4;2,500
Навушники JY-350;2,000
Навушники Nike motion NK-96 black (клас А);0,900
Навушники SERTEC ST-200 BLACK;1,000
Навушники SERTEC ST-200 BLUE;1,000
Навушники SERTEC ST-200 RED;1,000
Навушники SERTEC ST-300 BLACK;1,300
Навушники SERTEC ST-300 RED;1,300
Аккумулятор Videx Li-Ion 18650(без захисту) 2800mAh bulk 100/600;2,400
Батарейка Duracell 2032 2x10;0,730
Батарейка DURACELL 9V / MN1604 KPN1*10 ;1,950
Батарейка DURACELL LR03 MN2400 KPD Turbo Max 1x6шт.;0,480
Батарейка DURACELL LR14/ MN1400 KPN 02*10 ;1,000
Батарейка DURACELL LR20 /MN1300 KPN 02*10 ;1,100
Батарейка DURACELL MN21/1bl BLN 01x10;0,600
Батарейка GP 6LF22 SUPER (крона) коробка;1,000
Батарейка VARTA 2020 (R20 D) 1x2.;0,480
Батарейка VARTA CR 2032 LITHIUM ;0,460
Батарейка Videx R2OP/D 2pcs SHRINK;0,250
Батарейка YOKOHAMA R 6 коробка 1x4 шт.;0,058
Фотопапір Videx HGA6 220/500;10,500
Диск Artex CD-R 700 MB 52x Bulk/50 (CMC);0,142
Диск Artex DVD-R 4,7 GB 16x Bulk/50 (CMC);0,150
Диск Emtec DVD-RW 4,7 GB 4x Cake box/10;0,400
Диск Videx CD-RW 700 Mb 4-10x  bulk10;0,290
Кабель HAVIT HV-CB630, green MicroUSB ;1,500
Кабель HAVIT HV-CB636 (White), MicroUSB;1,150
Кабель HAVIT HV-CB8601, black MicroUSB;0,930
Кабель HAVIT HV-CB8601, white MicroUSB ;0,930
Кабель HAVIT HV-CB8610, black, Micro USB;0,630
Флешка USB A-DATA 32GB C906 Black;3,600
Флешка USB Apacer AH111 32GB blue;3,650
Флешка USB Apacer AH23A 32Gb white;3,050
Флешка USB Apacer AH333 32GB black;3,050
Фотопапір PrintPro глянц. 180г/м, 10x15 PG180-500;9,500
Аккумулятор GP R-03/2bl 700 mAh Ni-MH;0,810
Аккумулятор GP R-06/2bl 1800 mAh Ni-MH;1,450
Аккумулятор Videx HR03/AAA 1100MAH double blister/2pcs 20/200;1,050
Аккумулятор Videx HR6/AA 2500MAH double blister/2pcs 20/200;1,850
Аккумулятор DURACELL предзаряженные R6 (AA) 2500 mAh;1,750
Батарейка DURACELL MN21/1bl BLN 01x10;0,600
Батарейка DURACELL Zinc Air DA 13 (6 bl);0,310
Батарейка Perfeo LR6 АА 1,5V, Super alkaline, shrink/2;0,095
Батарейка Videx LR1 1pc BLISTER;0,230
Тюнер Т2 PANTASAT  HD-3820 HD+internet;9,300
Флешка USB Apacer AH223 16Gb white;2,600
Флешка USB Apacer AH23B 16Gb black;2,700
Флешка USB Apacer AH322 16GB Black;2,600
Флешка USB Apacer AH325 16GB Black;2,650
Флешка USB Apacer AH326 16GB Black;2,650
Флешка USB Apacer AH333 16GB black;2,600
Флешка USB Apacer AH333 16GB white;2,650
Флешка USB Kingston DT SWIVL 16GB USB3.0 (DTSWIVL/16GB);2,950
Фотопапір Perfeo глянцевая А4, 150 г/м2, 50 листов;2,400
Аккумулятор GP R-03/2bl 600 mAh Ni-MH;0,620
Аккумулятор GP R-03/2bl 650 mAh Ni-MH;0,710
Аккумулятор GP R-03/2bl 700 mAh Ni-MH;0,810
Аккумулятор GP R-03/2bl 750 mAh Ni-MH;1,050
Аккумулятор GP R-03/2bl 850 mAh Ni-MH;1,100
Батарейка GP 6F22 powercell  ;0,310
Батарейка GP 6F22 Supercell;0,335
Батарейка GP AG1,LR620, LR;0,110
Батарейка GP AG3, LR41,392;0,085
Батарейка GP AG4, LR626;0,090
Батарейка GP CR1620-U5 літієві;0,560
Батарейка GP CR2450-U5 ;0,950
Батарейка KODAK LongLife 6F22 коробка;0,290
Батарейка SONY R 6 коробка 1x8 шт.;0,082
Батарейка VARTA 4706 (LR06) Max-Tech (LongLife MAX Power) 1x4;0,347
Диск VERBATIM CD-R 700Mb 52x Wrap 50 pcs 43787;0,150
Коробка для диска конверт бумажный с окном;0,014
Акустична система DEFENDER SPK 230 USB 4W black;5,250
Акустична система DEFENDER SPK 35 5W USB black;3,200
Акустична система Genius 2.0 SP-HF160 USB Black;6,400
Акустична система SVEN 230 (4 Вт), black ;8,200
Батарейка VARTA 2003 (R3) SUPERLIFE BL 1*4;0,115
Батарейка VARTA 2006 (R6) SUPERLIFE BL 1*4 ;0,115
Батарейка VARTA 2022 (6F22) shrink Superlife;0,510
Батарейка VARTA 4103 (LR03) EXTRA LongLife 1х4 шт.;0,220
Батарейка VARTA 4122 (6LR61) EXTRA LongLife ;0,950
Батарейка VARTA 4703 (LR03) Maxi-Tech (LongLife MAX Power) 1x4;0,347
Батарейка VARTA 4706 (LR06) Max-Tech (LongLife MAX Power) 1x4;0,347
Батарейка VARTA 4903 (LR03) Long Life Power 1X4;0,280
Батарейка VARTA 4906 (LR06) Long Life Power 1X4;0,270
Батарейка VARTA CR 2032 LITHIUM ;0,460
Батарейка VARTA V 625 U ALKALINE;0,680
Кабель Belkin USB 2.0 AF> iPhone 4 1м;0,650
Кабель HAVIT HV-CB8501, black IPHONE 5/6/7;1,100
Кабель King Fire Iphone5;1,000
Кабель Remax Light speed RC-006i4 orig USB 2.0 AF>iPhone 4s 1м black;1,100
Кабель SERTEC ST-050 MICRO ;1,700
Карта памяті GOODRAM microSDHC 32GB Class 10 (UHS-1) no аdapter;4,100
Картрідер Esperanza Universal MINI card reader USB 2.0 EA134B (black) ;0,750
Клей Енергія С-032-3 гель 3 гр на мульт.карті;0,280
Мережевий фільтр Maxxter SPM3-G-6G, сірий, 1.8 м кабель, 3 розетки;1,900
Батарейка DURACELL MN21/1bl BLN 01x10;0,630
Батарейка GP 14E-S2 powercell R14;0,227
Батарейка DURACELL INDUSTRIAL LR06/AA MN1500 10*PAK ;0,300
Батарейка DURACELL LR03 MN2400 KPD Turbo Max 1x6шт.;0,480
Батарейка DURACELL LR06 MN1500 KPD 04*20 Turbo 1x4 шт.;0,450
Батарейка Videx 6F22/9V (Крона) 1pcs SHRINK CARD;0,250
Батарейка Videx AG 10(LR1130) BLISTER CARD 10 pcs;0,048
Батарейка Videx AG 13(LR44) BLISTER CARD 10 pcs;0,050
Батарейка Videx CR2025 5pcs BLISTER CARD;0,130
Батарейка Videx CR2032 5pcs BLISTER CARD;0,130
Батарейка Videx LR6/AA 2pcs SHRINK CARD;0,135
Батарейка Videx R03P/AAA 4pcs SHRINK CARD;0,065
Батарейка Videx R14P/C 2pcs SHRINK;0,158
Батарейка YOKOHAMA CR2032;0,140
Навушники Gemix HP-750MV black ;6,300
Флешка USB Apacer AH322 16GB Black;2,600
Батарейка KODAK EXTRA HEAVY DUTY R 6 коробка 1x4 шт.;0,063
Батарейка KODAK EXTRA HEAVY DUTY R3 коробка 1x4 шт.;0,058
Диск Emtec DVD-R 4,7 GB 16x Shrink/50;0,150
Диск VERBATIM DVD+R 4,7Gb 16x DATA LIFE Tape Cake 50 pcs 43815;0,185
Лампа VIDEX LED T8b 18W 1.2M 4100K 220V, матовая  (VL-T8b-18124);2,300
Батарейка Videx 3R12 1pc SHRINK;0,470
Аккумулятор Mastak 12V7AH ИБП;9,000
Аккумулятор Samsung 18650 2000mAh ICR18650-26FM SDIEM TDS4;2,200
Батарейка Perfeo R03 ААА 1,5V, Dynamic zinc, Shrink/2;0,028
Годинник KK9905 AM-FM;5,700
Годинник Smart Watch GT-08;8,900
Годинник Smart Watch SDZ09;7,950
Годинник Smart Watch X6 (Черный);10,000
Годинник Smart Watch Y1;10,000
Годинник VST-864-1;5,600
Мережевий фільтр Gembird SPG5-G-10G 3,0м;2,650
Мережевий фільтр Gembird SPG5-X-6G, 1.8 м кабель для ДБЖ (UPS), 5 розеток, сірого кольору;2,100
Мережевий фільтр Maxxter SPM5-G-10G сірий, 3 м кабель, 5 розеток;2,500
Мережевий фільтр Maxxter SPM5-G-15G 4,5m;2,650
Мережевий фільтр Maxxter SPM5-G-6B 1,8м;2,150
Мережевий фільтр Maxxter SPM5-G-6G 1,8м;2,150
Підсвітка ноутбук LED;0,228
Батарейка DURACELL LR03 MN2400 1x12 шт. в ряд;0,280
Батарейка DURACELL LR06 MN1500 KPD 04*20 Turbo 1x4 шт.;0,450
Батарейка GP 6F22 Supercell;0,335
Батарейка GP A27;0,410
Батарейка GP AG13, LR44;0,111
Батарейка GP CR2016-U5 ;0,259
Батарейка GP CR2025-U5 ;0,240
Батарейка GP CR2032-U5 ;0,230
Батарейка KODAK EXTRA HEAVY DUTY R 6 коробка 1x4 шт.;0,063
Батарейка KODAK EXTRA HEAVY DUTY R3 коробка 1x4 шт.;0,058
Батарейка Titanum R03P/AAA 4pcs SHRINK;0,048
Батарейка Titanum R6P/AA 4pcs SHRINK;0,048
Батарейка VARTA 4103 (LR03) Energy 1х4;0,240
Батарейка VARTA 4703 (LR03) Maxi-Tech (LongLife MAX Power) 1x4;0,347
Батарейка GOLDEN POWER 389A-C(AG10) BLI 10;0,042
Батарейка GP AG10, LR54,389;0,085
Батарейка GP CR2032-U5 ;0,240
Батарейка GP LR3 SUPER Alkaline (40);0,182
Батарейка KODAK EXTRA HEAVY DUTY R 6 коробка 1x4 шт.;0,063
Батарейка KODAK EXTRA HEAVY DUTY R3 коробка 1x4 шт.;0,058
Батарейка MAXELL Lithium CR2032 B5;0,237
Батарейка Perfeo CR2032 3V, Lithium, blister/2;0,098
Батарейка VARTA 4706 (LR06) Max-Tech (LongLife MAX Power) 1x4;0,347
Батарейка VARTA 4906 (LR06) Long Life Power 1X4;0,270
Батарейка VARTA CR 2032 LITHIUM ;0,460
Батарейка VERBATIM CR 2032 / 2bl Lithium , 3V;0,400
Батарейка Videx AG 10(LR1130) BLISTER CARD 10 pcs;0,048
Батарейка Videx CR2032 1pc BLISTER CARD;0,135
Батарейка Videx CR2032 5pcs BLISTER CARD;0,130
Батарейка YOKOHAMA AG10 LR1130;0,074
Батарейка YOKOHAMA CR2032;0,140
Аккумулятор FM 4V4Аh;2,700
Аккумулятор Mastak 12V7AH ИБП;9,150
Батарейка VARTA 2022 (6F22) Blister Superlife;0,540
Батарейка VARTA 2022 (6F22) shrink Superlife;0,510
Батарейка VARTA CR 2032 LITHIUM ;0,460
Годинник 613D;0,650
Годинник KD 1826;0,800
Годинник Smart Watch Y1;10,200
Запольничка YOKOHAMA;0,150
Колонка JBL CHARGE 13;10,500
Колонка JBL CHARGE 3;10,000
Колонка JBL EXTREME 13;12,500
Мишка HAVIT HV-MS625GT Wireless USB, blue ;3,770
Мишка HAVIT HV-MS625GT Wireless USB, red ;3,700
Світч Mercusys MS105 5-портовий 10/100 Мб/с;4,900
Світч Mercusys MS108 8-портовий 10/100 Мб/с;5,700
Батарейка GP AG13, LR44;0,111
Батарейка KODAK EXTRA HEAVY DUTY R 6 коробка 1x4 шт.;0,063
Батарейка KODAK EXTRA HEAVY DUTY R3 коробка 1x4 шт.;0,058
Лампа TITANUM LED A60 10W E27 4100K 220V (TL-A60-10274);0,800
Лампа TITANUM LED C37 5W E14 4100K 220V (TL-C37-05144);0,700
Лампа TITANUM LED C37 5W E27 4100K 220V (TL-C37-05274);0,700
Батарейка MAXELL SR-626 SW 377 (AG4) серебро JAPAN;0,280
Батарейка Perfeo 6LR61 9V, Super alkaline, Blister/1;0,550
Батарейка TOSHIBA ALKALINE LR3 BL 12 (6x2 шт.);0,150
Батарейка VARTA V 625 U ALKALINE;0,680
Батарейка Videx 6F22/9V (Крона) 1pcs SHRINK CARD;0,250
Батарейка Videx AG 1 (LR621) BLISTER CARD 10 pcs;0,036
Батарейка Videx AG 3 (LR41) BLISTER CARD 10 pcs;0,036
Батарейка Videx CR1616 5pcs BLISTER CARD;0,135
Батарейка Videx CR2450 5pcs BLISTER CARD;0,320
Батарейка YOKOHAMA LR 3 коробка 1x4 шт.;0,130
Батарейка YOKOHAMA LR 6 коробка 1x4 шт.;0,130
Кабель DEFENDER ACH01-03H USB(AM)-IPHONE 5/6/7 1m, пакет;0,750
Карта памятi Apacer micro SDHC 16Gb UHS-I Class 10 R85MB/s (adapter SD);2,750
Карта памятi Apacer micro SDHC 64Gb UHS-I Class 10 + ad;7,800
Мережевий фільтр Gembird SPG5-G-10B 3,0м;2,650
Батарейка CAMELION AG 13 / 10 BL;0,040
Батарейка CAMELION AG 3 / 10 BL;0,034
Батарейка DURACELL INDUSTRIAL LR06/AA MN1500 10*PAK ;0,300
Батарейка DURACELL LR03 MN2400 1x12 шт. в ряд;0,280
Батарейка GP AG13, LR44;0,111
Батарейка GP AG3, LR41,392;0,085
Батарейка GP LR6 SUPER Alkaline (40);0,182
Батарейка SONY R 03 коробка 1x8 шт.;0,100
Батарейка SONY R 6 коробка 1x8 шт.;0,082
Батарейка Titanum LR6/AA 2pcs SHRINK;0,110
Батарейка Titanum R6P/AA 4pcs SHRINK;0,048
Батарейка Videx AG 13(LR44) BLISTER CARD 10 pcs;0,050
Батарейка Videx AG 3 (LR41) BLISTER CARD 10 pcs;0,036
Батарейка YOKOHAMA AG13 LR44;0,047
Батарейка YOKOHAMA AG3 LR41;0,068
Батарейка YOKOHAMA R 3 коробка 1x4 шт.;0,054
Батарейка GP 6F22 powercell  ;0,310
Зарядний пристрій для мобільних телефонів СЗУ АА Nokia 6101 AWM;0,500
Кабель HAVIT HV-CB8601, black MicroUSB;0,930
Кабель HAVIT HV-CB8610, black, Micro USB;0,630
Карта памяті KINGSTON microSDXC (UHS-1) Canvas Select 16Gb class 10 (R-80MB/s) (no adapter SD);2,750
Наклейки на клавіатуру ліміновані біла основа чорно/сині;0,260
Наклейки на клавіатуру ліміновані біла основа чорно/червоні;0,260
Наклейки на клавіатуру ліміновані прозора основа сині;0,250
Наклейки на клавіатуру ліміновані прозора основа червоні;0,250
Наклейки на клавіатуру ліміновані прозора основа чорні;0,250
Наклейки на клавіатуру ліміновані чорна основа біло/жовті;0,260
Наклейки на клавіатуру ліміновані чорна основа біло/сині;0,260
Батарейка VARTA 4703 (LR03) Maxi-Tech (LongLife MAX Power) 1x4;0,347
Батарейка VARTA 4706 (LR06) Max-Tech (LongLife MAX Power) 1x4;0,347
Батарейка VARTA CR 2032 LITHIUM ;0,460
жорсткий диск SILICON POWER 1TB 2.5 Diamond D05 USB 3.0;51,750
Аккумулятор Videx HR6/AA 1500MAH double blister/2pcs 20/200;1,050
Батарейка DURACELL LR03 MN2400 1x12 шт. в ряд;0,280
Батарейка GP 6F22 powercell  ;0,310
Батарейка GP A27;0,410
Батарейка GP AG4, LR626;0,090
Батарейка GP CR2025-U5 ;0,240
Батарейка GP CR2032-U5 ;0,240
Батарейка GP LR3 SUPER Alkaline (40);0,182
Батарейка GP LR6 SUPER Alkaline (40);0,182
Батарейка KODAK EXTRA HEAVY DUTY R3 коробка 1x4 шт.;0,058
Батарейка MAXELL SR-626 SW 377 (AG4) серебро JAPAN;0,280
Батарейка Videx AG 4 (LR626) BLISTER CARD 10 pcs;0,045
Батарейка Videx AG11/LR721 BLISTER CARD 10 pcs;0,059
Батарейка Videx CR2430 5pcs BLISTER CARD;0,320
Батарейка Videx LR6/AA 2pcs SHRINK CARD;0,135
Батарейка YOKOHAMA AG13 LR44;0,047
Аккумулятор GP R-06/2bl 2500 mAh Ni-MH;2,100
Батарейка Duracell Krona 9V INDUSTRIAL alkaline коробка;1,000
Батарейка DURACELL Zinc Air DA 10 (6 bl);0,330
Батарейка GP LR6 SUPER Alkaline (40);0,182
Годинник 613D;0,650
Різне Сигналізація на вікна і двері YL-9805;0,850
Розгалужувач резетки потрійний 719S;0,550
Батарейка CAMELION AG 13 / 10 BL;0,040
Батарейка CAMELION AG 3 / 10 BL;0,034
Батарейка DURACELL INDUSTRIAL LR06/AA MN1500 10*PAK ;0,300
Батарейка Duracell Krona 9V INDUSTRIAL alkaline коробка;1,000
Батарейка DURACELL MN21/1bl BLN 01x10;0,630
Батарейка DURACELL Zinc Air DA 13 (6 bl);0,310
Батарейка GP LR6 Ultra Alkaline 5bl;0,210
Батарейка TOSHIBA CR2450;0,330
Батарейка YOKOHAMA AG13 LR44;0,047
Батарейка DURACELL INDUSTRIAL LR06/AA MN1500 10*PAK ;0,300
Батарейка DURACELL LR03 MN2400 1x12 шт. в ряд;0,280
Кабель Perfeo U4001, USB (вилка) - micro USB (вилка), 1 м;0,620
Кабель Perfeo U4002, USB (вилка) - micro USB (вилка),1,8м;0,800
Флешка USB Apacer AH111 32GB blue;3,650
Флешка USB Apacer AH322 16GB Black;2,600
Флешка USB Apacer AH322 32GB Black;3,050
Флешка USB Apacer AH326 32GB Black;3,050
Флешка USB Apacer AH333 16GB black;2,600
Батарейка GP 6LF22 (крона) Ultra коробка;1,100
Батарейка GP 6LF22 SUPER (крона) коробка;1,000
Аккумулятор Videx HR6/AA 2700MAH double blister/2pcs 20/200;1,950
Батарейка GP CR2032-U5 ;0,240
Батарейка KODAK EXTRA HEAVY DUTY R 6 коробка 1x4 шт.;0,063
Батарейка KODAK EXTRA HEAVY DUTY R3 коробка 1x4 шт.;0,058
Батарейка PANASONIC LR03 Alkaline Power Spiderman 1x4 шт.;0,200
Батарейка PANASONIC LR06 Alkaline Power Cirque Du Soleil 1x4 шт.;0,210
Батарейка TOSHIBA A23 1*5;0,220
Батарейка TOSHIBA CR2025;0,175
Батарейка Videx AG 1 (LR621) BLISTER CARD 10 pcs;0,036
Батарейка Videx AG 13(LR44) BLISTER CARD 10 pcs;0,050
Батарейка Videx CR2025 5pcs BLISTER CARD;0,130
Батарейка Videx CR2032 1pc BLISTER CARD;0,135
Годинник 613D;0,650
Годинник KD 1826;0,800
Диск Perfeo CD-R 700 MB 52x Bulk/50 (CMC);0,135
Карта памяті DATO microSDHC 32Gb class 10 (adapter SD);3,350
Карта памяті TEAM microSDHC 16GB Class 10 + SD adapter;2,600
Лампа TITANUM LED A60 12W E27 4100K 220V;1,000
Лампа VIDEX LED C37e 6W E14 4100K 220V (VL-C37e-06144);1,000
Флешка USB Apacer AH23A 32Gb white;3,050
Аккумулятор Videx HR03/AAA 1000MAH double blister/2pcs 20/200;0,990
Аккумулятор Videx HR03/AAA 1100MAH double blister/2pcs 20/200;1,050
Аккумулятор Videx HR03/AAA 600MAH double blister/2pcs 20/200;0,650
Аккумулятор Videx HR03/AAA 800MAH double blister/2pcs 20/200;0,850
Аккумулятор Videx HR6/AA 2100MAH double blister/2pcs 20/200;1,500
Аккумулятор Videx HR6/AA 2500MAH double blister/2pcs 20/200;1,850
Зарядний пристрій для аккумуляторів Videx VCH-L200;4,500
Зарядний пристрій для аккумуляторів Videx VCH-N201;2,200
Зарядний пристрій для аккумуляторів Videx VCH-N400;4,950
Зарядний пристрій для аккумуляторів Videx VCH-U100 Li-ion,Ni-Mh/Cd,PowerBank;5,400
Зарядний пристрій для аккумуляторів Енергія (ЕН 101) МИНИ;2,500
Батарейка VARTA V 373 WATCH;1,480
Cвітильнік VIDEX ЖКХ круглый 9W 5000K 220V белый VL-BHR-095PW;4,290
Батарейка GP A23;0,380
Батарейка GP A27;0,410
Батарейка GP AG1,LR620, LR;0,110
Батарейка GP AG3, LR41,392;0,085
Батарейка GP AG4, LR626;0,090
Батарейка GP CR2025-U5 ;0,240
Батарейка GP CR2032-U5 ;0,240
Батарейка GP LR6 SUPER Alkaline (40);0,182
Батарейка Videx AG 12(LR43) BLISTER CARD 10 pcs;0,060
Батарейка Videx AG 5 (LR754) BLISTER CARD 10 pcs;0,070
Батарейка Videx AG 6 (LR921) BLISTER CARD 10 pcs;0,058
Батарейка Videx AG11/LR721 BLISTER CARD 10 pcs;0,059
Батарейка Videx LR03/AAA 2pcs SHRINK CARD;0,130
Батарейка Videx LR6/AA 2pcs SHRINK CARD;0,132
Батарейка Videx R6P/AA 4pcs SHRINK;0,070
Батарейка Videx А23/Е23А 5pcs BLISTER CARD;0,270
Батарейка YOKOHAMA R 3 коробка 1x4 шт.;0,054
Батарейка GP 14E-S2 powercell R14;0,227
Батарейка TOSHIBA HEAVY DUTY R14 коробка 1x2 шт.;0,185
Батарейка Videx AG 6 (LR921) BLISTER CARD 10 pcs;0,058
Батарейка Videx CR1225 5pcs BLISTER CARD;0,130
Диск Artex CD-R 700 MB 52x Bulk/50 (CMC);0,142
Диск CMC DVD-R 4,7 GB 16x Full printable Bulk/50;0,160
Кабель AUX Premium кутовий спіраль пакет;0,900
Кабель AUX-SH-019 Jack3,5мм+Jack3,5мм силікон mix color 1м;0,550
Кабель AUX-SH-021 Jack3,5мм+Jack3,5мм силікон товстий провід 1м;0,550
Кабель Perfeo U4202, USB (розетка)-microUSB(вилка),0,2м OTG;0,550
Килимок для мишки ESPERANZA colour синій ;0,500
Килимок для мишки ESPERANZA colour сірий;0,500
Клавіатура HAVIT HV-KB421L, wired USB Підсвітка+мультимедіа;7,300
Клавіатура SVEN 301 Standard, USB, black ;4,500
Клавіатура SVEN 303  Standard USB, black xxx;4,950
Клавіатура комплект бездротовий HAVIT HV-KB559GCM wireless GAMING USB black;12,200
Коврик Microsoft прорезиновый 220*180*2мм;0,400
Коврик World of the Tanks прорезиновый 220*177*2мм;0,400
Коврик для мишки HAVIT HV-MP837, black;0,850
Коврик для мишки HAVIT HV-MP839, black/red;0,850
Навушники HAVIT H2262D, black (40шт/ящ);5,400
Навушники HAVIT HV-H139D, gray (40шт/ящ);5,000
Навушники HAVIT HV-H2216D, White Gray (40шт/ящ);6,000
Фотопапір CW глянц. 230г/м, A4 PG230-50 карт.уп.;6,500
Батарейка GP CR2032-U5 ;0,240
Батарейка VARTA 4903 (LR03) Long Life Power 1X4;0,280
Батарейка VARTA 4906 (LR06) Long Life Power 1X4;0,270
Батарейка VARTA 4920 (LR20) High-Energy 1X2;0,895
Батарейка Videx R03P/AAA 4pcs SHRINK;0,056
Батарейка Videx R14P/C 2pcs SHRINK;0,158
Батарейка Videx R2OP/D 2pcs SHRINK;0,250
Батарейка Videx R6P/AA 4pcs SHRINK;0,066
Батарейка Videx А23/Е23А 5pcs BLISTER CARD;0,270
Кабель Remax Light speed RC-006i4 orig USB 2.0 AF>iPhone 4s 1м black;1,100
Кабель Remax Light speed RC-006i4 orig USB 2.0 AF>iPhone 4s 1м white;1,100
Навушники HAVIT H2262D, black (40шт/ящ);5,500
Навушники HAVIT H2262D, blue (40шт/ящ);5,500
Навушники HAVIT HV-H2238D, Blue (40шт/ящ);7,000
Навушники HAVIT HV-H2238D, Gray+blue (40шт/ящ);7,000
Батарейка GP CR2032-U5 ;0,240
Батарейка SONY R 03 коробка 1x8 шт.;0,100
Батарейка SONY R 6 коробка 1x8 шт.;0,082
Аккумулятор Samsung 18650 2000mAh ICR18650-26FM SDIEM TDS4;2,200
Батарейка VARTA 2020 (R20 D) 1x2.;0,480
Кабель живлення радіолайн (толстый провод) клас А 2,0 м black;0,520
Кабель питания для радио (толстый провод);0,430
Мережевий фільтр REAL-EL RS-PROTECT 1.8m, black ;4,400
Мережевий фільтр REAL-EL RS-PROTECT 3m, black ;5,200
Флешка USB Apacer AH111 16GB Crystal;3,250
Флешка USB Apacer AH111 8GB blue;3,250
Флешка USB Apacer AH112 8GB Red;3,250
Флешка USB Apacer AH321 8GB ;2,600
Флешка USB Apacer AH322 16GB Black;2,600
Флешка USB Apacer AH325 8GB Black;2,600
Флешка USB Apacer AH333 16GB black;2,600
Флешка USB Apacer AH333 8GB black;2,650
Флешка USB Kingston USB3.0 DT100G3 16GB;3,200
Флешка USB RIDATA Jewel 16GB Black OD16;2,900
Батарейка GP LR20 SUPER ALKALINE;0,920
Батарейка GP LR3 SUPER Alkaline (40);0,182
Батарейка VARTA 4920 (LR20) High-Energy 1X2;0,895
Батарейка Videx LR03/AAA 2pcs SHRINK CARD;0,130
Батарейка Videx LR2O/D 2pcs BLISTER CARD;0,760
Європерехідник дешевий black;0,110
Кабель 3.5M/3RCA 1.5m;0,400
Кабель 3.5ст.-2RCA 1.2m (VK30184);0,300
Кабель HAVIT HV-CB531 USB TO IPHONE 5/5S/5C, green;2,200
Кабель HAVIT HV-CB630, Black MicroUSB;1,600
Кабель HAVIT HV-CB630, green MicroUSB ;1,500
Кабель HAVIT HV-CB636 (White), MicroUSB;1,150
Кабель HAVIT HV-H66 IPHONE 5/6/7 Lighting, black;1,100
Кабель HAVIT HV-H66 IPHONE 5/6/7 Lighting, black 1,8м;1,200
Кабель Perfeo J2101, 3,5 мм (вилка) - 3,5 мм (вилка), 1 м;0,700
Кабель Perfeo U4003, USB (вилка) - micro USB (вилка),3м;0,850
Кабель REDAX RDX-345 IPHONE 5 2 метра;2,050
Кабель SERTEC ST-055 2М IPHONE 5 BLACK;1,750
Кабель магнитный DM-M12 USB 2.0 AF>MicroUSB 1м black/white;3,300
Навушники HAVIT HV-L670, black;3,450
Навушники HAVIT HV-L670, blue/black;3,450
Навушники Samsung IG935 original black+mic (гарнитура);1,350
Навушники SERTEC ST-208 BLACK;1,000
Навушники SERTEC ST-402 BLACK;1,500
Навушники SERTEC ST-507 WHITE;1,800
Батарейка VARTA 4903 (LR03) Long Life Power 1X4;0,280
Батарейка VARTA 4906 (LR06) Long Life Power 1X4;0,270
Лампа VIDEX LED C37e 6W E14 3000K 220V (VL-C37e-06143);1,000
Флешка USB Apacer AH112 32GB Red;3,750
Флешка USB Apacer AH116 32GB White;3,600
Флешка USB Apacer AH23B 32Gb black;3,050
Флешка USB Apacer AH321 32GB;3,050
Флешка USB Apacer AH322 32GB Black;3,050
Флешка USB Apacer AH333 32GB black;3,050
Флешка USB Apacer AH350 32Gb Black USB3.0;3,600
Флешка USB DATO DS7002 32Gb black;3,130
Флешка USB DATO DS7006 32Gb black;3,130
Фотопапір CW глянц. 180г/м, A4 PG180-50 карт.уп.;5,000
Автотримач для мобільного телефону SX-021 MAGNETIC CAR UNIVERSAL HOLDER;2,200
Батарейка DURACELL LR03 MN2400 1x12 шт. в ряд;0,280
Батарейка VARTA 2020 (R20 D) 1x2.;0,480
Батарейка VARTA 4103 (LR03) EXTRA LongLife 1х4 шт.;0,220
Кабель AUX-SH-019 Jack3,5мм+Jack3,5мм силікон mix color 1м;0,550
Кабель AUX-SH-021 Jack3,5мм+Jack3,5мм силікон товстий провід 1м;0,550
Кабель HAVIT HV-606X, gray Jack3,5мм+Jack3,5мм;2,100
Кабель Perfeo J2101, 3,5 мм (вилка) - 3,5 мм (вилка), 1 м;0,700
Карта памяті KINGSTON microSDXC (UHS-1) Canvas Select 16Gb class 10 (R-80MB/s) (adapter SD);2,650
Модулятор BTS15 + bluetooth;4,800
Модулятор FM-G6 + bluetooth;3,000
Модулятор G9 bluetooth;3,500
Модулятор H21BT;4,500
Модулятор HAVIT HV-FM50BT(40шт/ящ);6,000
Модулятор SERTEC 215 BMW;2,500
Модулятор SERTEC 216TOYOTA;2,500
Модулятор SERTEC 217 HONDA;2,500
Флешка USB Apacer AH111 16GB blue;3,250
Флешка USB Apacer AH111 8GB blue;3,250
Флешка USB Apacer AH112 16GB Red;3,250
Флешка USB Apacer AH112 8GB Red;3,250
Батарейка DURACELL LR03 MN2400 1x12 шт. в ряд;0,280
Батарейка DURACELL LR03 MN2400 KPD Turbo Max 1x6шт.;0,480
Батарейка DURACELL LR06 MN1500 KPD 04*20 Turbo 1x4 шт.;0,450
Батарейка GP LR20 SUPER ALKALINE;0,920
Батарейка GP LR3 SUPER Alkaline (40);0,182
Батарейка GP LR6 SUPER Alkaline (40);0,182
Батарейка Videx CR2032 5pcs BLISTER CARD;0,130
Батарейка DURACELL LR06 MN1500 KPD 04*20 Turbo 1x4 шт.;0,450
Батарейка VARTA CR 2025 LITHIUM;0,460
Батарейка Duracell 2016 1x10;0,650
Батарейка PANASONIC R 20 коробка 1х2шт;0,300
Батарейка Videx CR1225 5pcs BLISTER CARD;0,130
Батарейка Videx LR03/AAA 2pcs SHRINK CARD;0,130
Батарейка YOKOHAMA ZA13-D6 PR48;0,240
Флешка USB Apacer AH111 16GB blue;3,250
Флешка USB Apacer AH112 16GB Red;3,250
Флешка USB Apacer AH116 16GB Black;2,750
Флешка USB Apacer AH322 16GB Black;2,600
Флешка USB Apacer AH333 16GB black;2,600
Батарейка DURACELL LR14/ MN1400 KPN 02*10 ;1,000
Батарейка GP LR20 SUPER ALKALINE;0,920
Батарейка KODAK EXTRA HEAVY DUTY R3 коробка 1x4 шт.;0,058
Батарейка KODAK LongLife 6F22 коробка;0,290
Батарейка SONY R 03 коробка 1x8 шт.;0,100
Батарейка SONY R 6 коробка 1x8 шт.;0,082
Батарейка TOSHIBA ALKALINE LR3 BL 12 (6x2 шт.);0,150
Батарейка TOSHIBA ALKALINE LR6 BL 1x4 шт.;0,155
Батарейка Videx R03P/AAA 4pcs SHRINK;0,056
Батарейка Videx R2OP/D 2pcs SHRINK;0,250
Батарейка Videx R6P/AA 4pcs SHRINK;0,070
Батарейка YOKOHAMA 6F22 коробка ;0,340
Аккумулятор Videx Li-Ion 14500(без захисту) 800mAh bulk/1pc 50/600;1,700
Аккумулятор Videx Li-Ion 18650(без захисту) 2800mAh bulk 100/600;2,400
Батарейка Videx CR2032 5pcs BLISTER CARD;0,130
Батарейка Videx LR03/AAA 2pcs SHRINK CARD;0,130
Батарейка Videx R2OP/D 2pcs SHRINK;0,250
Кабель AUX-SH-019 Jack3,5мм+Jack3,5мм силікон mix color 1м;0,550
Кабель AUX-SH-021 Jack3,5мм+Jack3,5мм силікон товстий провід 1м;0,550
Кабель HAVIT HV-606X, gray Jack3,5мм+Jack3,5мм;2,100
Модулятор SERTEC 214 Mercedes;2,500
Модулятор SERTEC 215 BMW;2,500
Модулятор SERTEC 216TOYOTA;2,500
Модулятор SERTEC 217 HONDA;2,500
Флешка USB Apacer AH321 8GB ;2,600
Флешка USB Apacer AH322 16GB Black;2,600
Кабель HAVIT питания ноутбука 1.5М;0,950
Кабель Maxxter UF-AMBM-15, USB2.0, 4.5 м. До прінтера;0,700
Кабель Perfeo V7002,VGA(вилка)-VGA(вилка),феррит ,3м;1,500
Кабель живлення радіолайн (толстый провод) клас А 2,0 м black;0,490
Килимок для мишки Esperanza for gaming Grunge mini (250 x 200 x 2) ;1,150
Коврик для мишки HAVIT HV-MP820  blue 22,5*27,5;1,500
Навушники DEFENDER HN-750 ;4,350
Навушники DEFENDER HN-751 black volume control cable 2m;4,650
Навушники DEFENDER HN-898 3м кабель;4,600
Навушники HAVIT HV-H139D, gray (40шт/ящ);5,100
Навушники HAVIT HV-H2105d;2,700
Батарейка DURACELL INDUSTRIAL LR06/AA MN1500 10*PAK ;0,300
Батарейка KODAK EXTRA HEAVY DUTY R 6 коробка 1x4 шт.;0,063
Батарейка SONY R 6 коробка 1x8 шт.;0,082
Батарейка Videx AG 3 (LR41) BLISTER CARD 10 pcs;0,036
Батарейка Videx AG 4 (LR626) BLISTER CARD 10 pcs;0,045
Карта памяті KINGSTON microSDXC (UHS-1) Canvas Select 32Gb class 10 (R-80MB/s) (adapter SD);3,850
Батарейка Videx LR03/AAA 2pcs SHRINK CARD;0,130
Батарейка Videx LR6/AA 2pcs SHRINK CARD;0,132
Кабель HAVIT HV-CB8501, black IPHONE 5/6/7;1,100
Кабель HAVIT HV-CB8501, white IPHONE 5/6/7;1,100
Кабель HAVIT HV-H66 IPHONE 5/6/7 Lighting, black;1,100
Кабель HAVIT HV-H66 IPHONE 5/6/7 Lighting, black 1,8м;1,200
Кабель REDAX RDX-305 IPHONE 5 ;1,500
Коробка для диска конверт бумажный с окном;0,014
Карта памяті ADATA microSDHC 4GB Class 4 + adapter;2,550
Карта памяті DATO microSDHC 32Gb class 10 ;3,250
Карта памяті KINGSTON microSDXC (UHS-1) Canvas Select 16Gb class 10 (R-80MB/s) (adapter SD);2,650
Карта памяті KINGSTON microSDXC (UHS-1) Canvas Select 32Gb class 10 (R-80MB/s) (adapter SD);3,850
Карта памяті KINGSTON microSDXC (UHS-1) Canvas Select 64Gb class 10 (R-80MB/s) (adapter SD);7,950